region,ingested_at_utc
01 - Northland,2026-02-23T06:33:29.965440
01 - Northland,2026-02-23T06:33:29.965440
01 - Northland,2026-02-23T06:33:29.965440
01 - Northland,2026-02-23T06:33:29.965440
01 - Northland,2026-02-23T06:33:29.965440
01 - Northland,2026-02-23T06:33:29.965440
01 - Northland,2026-02-23T06:33:29.965440
01 - Northland,2026-02-23T06:33:29.965440
01 - Northland,2026-02-23T06:33:29.965440
01 - Northland,2026-02-23T06:33:29.965440
01 - Northland,2026-02-23T06:33:29.965440
01 - Northland,2026-02-23T06:33:29.965440
01 - Northland,2026-02-23T06:33:29.965440
01 - Northland,2026-02-23T06:33:29.965440
01 - Northland,2026-02-23T06:33:29.965440
01 - Northland,2026-02-23T06:33:29.965440
01 - Northland,2026-02-23T06:33:29.965440
01 - Northland,2026-02-23T06:33:29.965440
01 - Northland,2026-02-23T06:33:29.965440
01 - Northland,2026-02-23T06:33:29.965440
01 - Northland,2026-02-23T06:33:29.965440
01 - Northland,2026-02-23T06:33:29.965440
01 - Northland,2026-02-23T06:33:29.965440
01 - Northland,2026-02-23T06:33:29.965440
01 - Northland,2026-02-23T06:33:29.965440
01 - Northland,2026-02-23T06:33:29.965440
01 - Northland,2026-02-23T06:33:29.965440
01 - Northland,2026-02-23T06:33:29.965440
01 - Northland,2026-02-23T06:33:29.965440
01 - Northland,2026-02-23T06:33:29.965440
01 - Northland,2026-02-23T06:33:29.965440
01 - Northland,2026-02-23T06:33:29.965440
01 - Northland,2026-02-23T06:33:29.965440
01 - Northland,2026-02-23T06:33:29.965440
01 - Northland,2026-02-23T06:33:29.965440
01 - Northland,2026-02-23T06:33:29.965440
01 - Northland,2026-02-23T06:33:29.965440
01 - Northland,2026-02-23T06:33:29.965440
01 - Northland,2026-02-23T06:33:29.965440
01 - Northland,2026-02-23T06:33:29.965440
01 - Northland,2026-02-23T06:33:29.965440
01 - Northland,2026-02-23T06:33:29.965440
01 - Northland,2026-02-23T06:33:29.965440
01 - Northland,2026-02-23T06:33:29.965440
01 - Northland,2026-02-23T06:33:29.965440
01 - Northland,2026-02-23T06:33:29.965440
01 - Northland,2026-02-23T06:33:29.965440
01 - Northland,2026-02-23T06:33:29.965440
01 - Northland,2026-02-23T06:33:29.965440
01 - Northland,2026-02-23T06:33:29.965440
01 - Northland,2026-02-23T06:33:29.965440
01 - Northland,2026-02-23T06:33:29.965440
01 - Northland,2026-02-23T06:33:29.965440
01 - Northland,2026-02-23T06:33:29.965440
01 - Northland,2026-02-23T06:33:29.965440
01 - Northland,2026-02-23T06:33:29.965440
01 - Northland,2026-02-23T06:33:29.965440
01 - Northland,2026-02-23T06:33:29.965440
01 - Northland,2026-02-23T06:33:29.965440
01 - Northland,2026-02-23T06:33:29.965440
01 - Northland,2026-02-23T06:33:29.965440
01 - Northland,2026-02-23T06:33:29.965440
01 - Northland,2026-02-23T06:33:29.965440
01 - Northland,2026-02-23T06:33:29.965440
01 - Northland,2026-02-23T06:33:29.965440
01 - Northland,2026-02-23T06:33:29.965440
01 - Northland,2026-02-23T06:33:29.965440
01 - Northland,2026-02-23T06:33:29.965440
01 - Northland,2026-02-23T06:33:29.965440
01 - Northland,2026-02-23T06:33:29.965440
01 - Northland,2026-02-23T06:33:29.965440
01 - Northland,2026-02-23T06:33:29.965440
01 - Northland,2026-02-23T06:33:29.965440
01 - Northland,2026-02-23T06:33:29.965440
01 - Northland,2026-02-23T06:33:29.965440
01 - Northland,2026-02-23T06:33:29.965440
01 - Northland,2026-02-23T06:33:29.965440
01 - Northland,2026-02-23T06:33:29.965440
01 - Northland,2026-02-23T06:33:29.965440
01 - Northland,2026-02-23T06:33:29.965440
01 - Northland,2026-02-23T06:33:29.965440
01 - Northland,2026-02-23T06:33:29.965440
01 - Northland,2026-02-23T06:33:29.965440
02 - Auckland,2026-02-23T06:33:29.965440
02 - Auckland,2026-02-23T06:33:29.965440
02 - Auckland,2026-02-23T06:33:29.965440
02 - Auckland,2026-02-23T06:33:29.965440
02 - Auckland,2026-02-23T06:33:29.965440
02 - Auckland,2026-02-23T06:33:29.965440
02 - Auckland,2026-02-23T06:33:29.965440
02 - Auckland,2026-02-23T06:33:29.965440
02 - Auckland,2026-02-23T06:33:29.965440
02 - Auckland,2026-02-23T06:33:29.965440
02 - Auckland,2026-02-23T06:33:29.965440
02 - Auckland,2026-02-23T06:33:29.965440
02 - Auckland,2026-02-23T06:33:29.965440
02 - Auckland,2026-02-23T06:33:29.965440
02 - Auckland,2026-02-23T06:33:29.965440
02 - Auckland,2026-02-23T06:33:29.965440
02 - Auckland,2026-02-23T06:33:29.965440
02 - Auckland,2026-02-23T06:33:29.965440
02 - Auckland,2026-02-23T06:33:29.965440
02 - Auckland,2026-02-23T06:33:29.965440
02 - Auckland,2026-02-23T06:33:29.965440
02 - Auckland,2026-02-23T06:33:29.965440
02 - Auckland,2026-02-23T06:33:29.965440
02 - Auckland,2026-02-23T06:33:29.965440
02 - Auckland,2026-02-23T06:33:29.965440
02 - Auckland,2026-02-23T06:33:29.965440
02 - Auckland,2026-02-23T06:33:29.965440
02 - Auckland,2026-02-23T06:33:29.965440
02 - Auckland,2026-02-23T06:33:29.965440
02 - Auckland,2026-02-23T06:33:29.965440
02 - Auckland,2026-02-23T06:33:29.965440
02 - Auckland,2026-02-23T06:33:29.965440
02 - Auckland,2026-02-23T06:33:29.965440
02 - Auckland,2026-02-23T06:33:29.965440
02 - Auckland,2026-02-23T06:33:29.965440
02 - Auckland,2026-02-23T06:33:29.965440
02 - Auckland,2026-02-23T06:33:29.965440
02 - Auckland,2026-02-23T06:33:29.965440
02 - Auckland,2026-02-23T06:33:29.965440
02 - Auckland,2026-02-23T06:33:29.965440
02 - Auckland,2026-02-23T06:33:29.965440
02 - Auckland,2026-02-23T06:33:29.965440
02 - Auckland,2026-02-23T06:33:29.965440
02 - Auckland,2026-02-23T06:33:29.965440
02 - Auckland,2026-02-23T06:33:29.965440
02 - Auckland,2026-02-23T06:33:29.965440
02 - Auckland,2026-02-23T06:33:29.965440
02 - Auckland,2026-02-23T06:33:29.965440
02 - Auckland,2026-02-23T06:33:29.965440
02 - Auckland,2026-02-23T06:33:29.965440
02 - Auckland,2026-02-23T06:33:29.965440
02 - Auckland,2026-02-23T06:33:29.965440
02 - Auckland,2026-02-23T06:33:29.965440
02 - Auckland,2026-02-23T06:33:29.965440
02 - Auckland,2026-02-23T06:33:29.965440
02 - Auckland,2026-02-23T06:33:29.965440
02 - Auckland,2026-02-23T06:33:29.965440
02 - Auckland,2026-02-23T06:33:29.965440
02 - Auckland,2026-02-23T06:33:29.965440
02 - Auckland,2026-02-23T06:33:29.965440
02 - Auckland,2026-02-23T06:33:29.965440
02 - Auckland,2026-02-23T06:33:29.965440
02 - Auckland,2026-02-23T06:33:29.965440
02 - Auckland,2026-02-23T06:33:29.965440
02 - Auckland,2026-02-23T06:33:29.965440
02 - Auckland,2026-02-23T06:33:29.965440
02 - Auckland,2026-02-23T06:33:29.965440
02 - Auckland,2026-02-23T06:33:29.965440
02 - Auckland,2026-02-23T06:33:29.965440
02 - Auckland,2026-02-23T06:33:29.965440
02 - Auckland,2026-02-23T06:33:29.965440
02 - Auckland,2026-02-23T06:33:29.965440
02 - Auckland,2026-02-23T06:33:29.965440
02 - Auckland,2026-02-23T06:33:29.965440
02 - Auckland,2026-02-23T06:33:29.965440
02 - Auckland,2026-02-23T06:33:29.965440
02 - Auckland,2026-02-23T06:33:29.965440
02 - Auckland,2026-02-23T06:33:29.965440
02 - Auckland,2026-02-23T06:33:29.965440
02 - Auckland,2026-02-23T06:33:29.965440
02 - Auckland,2026-02-23T06:33:29.965440
02 - Auckland,2026-02-23T06:33:29.965440
02 - Auckland,2026-02-23T06:33:29.965440
02 - Auckland,2026-02-23T06:33:29.965440
02 - Auckland,2026-02-23T06:33:29.965440
02 - Auckland,2026-02-23T06:33:29.965440
02 - Auckland,2026-02-23T06:33:29.965440
02 - Auckland,2026-02-23T06:33:29.965440
02 - Auckland,2026-02-23T06:33:29.965440
02 - Auckland,2026-02-23T06:33:29.965440
02 - Auckland,2026-02-23T06:33:29.965440
02 - Auckland,2026-02-23T06:33:29.965440
02 - Auckland,2026-02-23T06:33:29.965440
02 - Auckland,2026-02-23T06:33:29.965440
02 - Auckland,2026-02-23T06:33:29.965440
02 - Auckland,2026-02-23T06:33:29.965440
02 - Auckland,2026-02-23T06:33:29.965440
02 - Auckland,2026-02-23T06:33:29.965440
02 - Auckland,2026-02-23T06:33:29.965440
02 - Auckland,2026-02-23T06:33:29.965440
02 - Auckland,2026-02-23T06:33:29.965440
02 - Auckland,2026-02-23T06:33:29.965440
02 - Auckland,2026-02-23T06:33:29.965440
02 - Auckland,2026-02-23T06:33:29.965440
02 - Auckland,2026-02-23T06:33:29.965440
02 - Auckland,2026-02-23T06:33:29.965440
02 - Auckland,2026-02-23T06:33:29.965440
02 - Auckland,2026-02-23T06:33:29.965440
02 - Auckland,2026-02-23T06:33:29.965440
02 - Auckland,2026-02-23T06:33:29.965440
02 - Auckland,2026-02-23T06:33:29.965440
02 - Auckland,2026-02-23T06:33:29.965440
02 - Auckland,2026-02-23T06:33:29.965440
02 - Auckland,2026-02-23T06:33:29.965440
02 - Auckland,2026-02-23T06:33:29.965440
02 - Auckland,2026-02-23T06:33:29.965440
02 - Auckland,2026-02-23T06:33:29.965440
02 - Auckland,2026-02-23T06:33:29.965440
02 - Auckland,2026-02-23T06:33:29.965440
02 - Auckland,2026-02-23T06:33:29.965440
02 - Auckland,2026-02-23T06:33:29.965440
02 - Auckland,2026-02-23T06:33:29.965440
02 - Auckland,2026-02-23T06:33:29.965440
02 - Auckland,2026-02-23T06:33:29.965440
02 - Auckland,2026-02-23T06:33:29.965440
02 - Auckland,2026-02-23T06:33:29.965440
02 - Auckland,2026-02-23T06:33:29.965440
02 - Auckland,2026-02-23T06:33:29.965440
02 - Auckland,2026-02-23T06:33:29.965440
02 - Auckland,2026-02-23T06:33:29.965440
02 - Auckland,2026-02-23T06:33:29.965440
02 - Auckland,2026-02-23T06:33:29.965440
02 - Auckland,2026-02-23T06:33:29.965440
02 - Auckland,2026-02-23T06:33:29.965440
02 - Auckland,2026-02-23T06:33:29.965440
02 - Auckland,2026-02-23T06:33:29.965440
02 - Auckland,2026-02-23T06:33:29.965440
02 - Auckland,2026-02-23T06:33:29.965440
02 - Auckland,2026-02-23T06:33:29.965440
02 - Auckland,2026-02-23T06:33:29.965440
02 - Auckland,2026-02-23T06:33:29.965440
02 - Auckland,2026-02-23T06:33:29.965440
02 - Auckland,2026-02-23T06:33:29.965440
02 - Auckland,2026-02-23T06:33:29.965440
02 - Auckland,2026-02-23T06:33:29.965440
02 - Auckland,2026-02-23T06:33:29.965440
02 - Auckland,2026-02-23T06:33:29.965440
02 - Auckland,2026-02-23T06:33:29.965440
02 - Auckland,2026-02-23T06:33:29.965440
02 - Auckland,2026-02-23T06:33:29.965440
02 - Auckland,2026-02-23T06:33:29.965440
02 - Auckland,2026-02-23T06:33:29.965440
02 - Auckland,2026-02-23T06:33:29.965440
02 - Auckland,2026-02-23T06:33:29.965440
02 - Auckland,2026-02-23T06:33:29.965440
02 - Auckland,2026-02-23T06:33:29.965440
02 - Auckland,2026-02-23T06:33:29.965440
02 - Auckland,2026-02-23T06:33:29.965440
02 - Auckland,2026-02-23T06:33:29.965440
02 - Auckland,2026-02-23T06:33:29.965440
02 - Auckland,2026-02-23T06:33:29.965440
02 - Auckland,2026-02-23T06:33:29.965440
02 - Auckland,2026-02-23T06:33:29.965440
02 - Auckland,2026-02-23T06:33:29.965440
02 - Auckland,2026-02-23T06:33:29.965440
02 - Auckland,2026-02-23T06:33:29.965440
02 - Auckland,2026-02-23T06:33:29.965440
02 - Auckland,2026-02-23T06:33:29.965440
02 - Auckland,2026-02-23T06:33:29.965440
02 - Auckland,2026-02-23T06:33:29.965440
02 - Auckland,2026-02-23T06:33:29.965440
02 - Auckland,2026-02-23T06:33:29.965440
02 - Auckland,2026-02-23T06:33:29.965440
02 - Auckland,2026-02-23T06:33:29.965440
02 - Auckland,2026-02-23T06:33:29.965440
02 - Auckland,2026-02-23T06:33:29.965440
02 - Auckland,2026-02-23T06:33:29.965440
02 - Auckland,2026-02-23T06:33:29.965440
02 - Auckland,2026-02-23T06:33:29.965440
02 - Auckland,2026-02-23T06:33:29.965440
02 - Auckland,2026-02-23T06:33:29.965440
02 - Auckland,2026-02-23T06:33:29.965440
02 - Auckland,2026-02-23T06:33:29.965440
02 - Auckland,2026-02-23T06:33:29.965440
02 - Auckland,2026-02-23T06:33:29.965440
02 - Auckland,2026-02-23T06:33:29.965440
02 - Auckland,2026-02-23T06:33:29.965440
02 - Auckland,2026-02-23T06:33:29.965440
02 - Auckland,2026-02-23T06:33:29.965440
02 - Auckland,2026-02-23T06:33:29.965440
02 - Auckland,2026-02-23T06:33:29.965440
02 - Auckland,2026-02-23T06:33:29.965440
02 - Auckland,2026-02-23T06:33:29.965440
02 - Auckland,2026-02-23T06:33:29.965440
02 - Auckland,2026-02-23T06:33:29.965440
02 - Auckland,2026-02-23T06:33:29.965440
02 - Auckland,2026-02-23T06:33:29.965440
02 - Auckland,2026-02-23T06:33:29.965440
02 - Auckland,2026-02-23T06:33:29.965440
02 - Auckland,2026-02-23T06:33:29.965440
02 - Auckland,2026-02-23T06:33:29.965440
02 - Auckland,2026-02-23T06:33:29.965440
02 - Auckland,2026-02-23T06:33:29.965440
02 - Auckland,2026-02-23T06:33:29.965440
02 - Auckland,2026-02-23T06:33:29.965440
02 - Auckland,2026-02-23T06:33:29.965440
02 - Auckland,2026-02-23T06:33:29.965440
02 - Auckland,2026-02-23T06:33:29.965440
02 - Auckland,2026-02-23T06:33:29.965440
02 - Auckland,2026-02-23T06:33:29.965440
02 - Auckland,2026-02-23T06:33:29.965440
02 - Auckland,2026-02-23T06:33:29.965440
02 - Auckland,2026-02-23T06:33:29.965440
02 - Auckland,2026-02-23T06:33:29.965440
02 - Auckland,2026-02-23T06:33:29.965440
02 - Auckland,2026-02-23T06:33:29.965440
02 - Auckland,2026-02-23T06:33:29.965440
02 - Auckland,2026-02-23T06:33:29.965440
02 - Auckland,2026-02-23T06:33:29.965440
02 - Auckland,2026-02-23T06:33:29.965440
02 - Auckland,2026-02-23T06:33:29.965440
02 - Auckland,2026-02-23T06:33:29.965440
02 - Auckland,2026-02-23T06:33:29.965440
02 - Auckland,2026-02-23T06:33:29.965440
02 - Auckland,2026-02-23T06:33:29.965440
02 - Auckland,2026-02-23T06:33:29.965440
02 - Auckland,2026-02-23T06:33:29.965440
02 - Auckland,2026-02-23T06:33:29.965440
02 - Auckland,2026-02-23T06:33:29.965440
02 - Auckland,2026-02-23T06:33:29.965440
02 - Auckland,2026-02-23T06:33:29.965440
02 - Auckland,2026-02-23T06:33:29.965440
02 - Auckland,2026-02-23T06:33:29.965440
02 - Auckland,2026-02-23T06:33:29.965440
02 - Auckland,2026-02-23T06:33:29.965440
02 - Auckland,2026-02-23T06:33:29.965440
02 - Auckland,2026-02-23T06:33:29.965440
02 - Auckland,2026-02-23T06:33:29.965440
02 - Auckland,2026-02-23T06:33:29.965440
02 - Auckland,2026-02-23T06:33:29.965440
02 - Auckland,2026-02-23T06:33:29.965440
02 - Auckland,2026-02-23T06:33:29.965440
02 - Auckland,2026-02-23T06:33:29.965440
02 - Auckland,2026-02-23T06:33:29.965440
02 - Auckland,2026-02-23T06:33:29.965440
02 - Auckland,2026-02-23T06:33:29.965440
02 - Auckland,2026-02-23T06:33:29.965440
02 - Auckland,2026-02-23T06:33:29.965440
02 - Auckland,2026-02-23T06:33:29.965440
02 - Auckland,2026-02-23T06:33:29.965440
02 - Auckland,2026-02-23T06:33:29.965440
02 - Auckland,2026-02-23T06:33:29.965440
02 - Auckland,2026-02-23T06:33:29.965440
02 - Auckland,2026-02-23T06:33:29.965440
02 - Auckland,2026-02-23T06:33:29.965440
02 - Auckland,2026-02-23T06:33:29.965440
02 - Auckland,2026-02-23T06:33:29.965440
02 - Auckland,2026-02-23T06:33:29.965440
02 - Auckland,2026-02-23T06:33:29.965440
02 - Auckland,2026-02-23T06:33:29.965440
02 - Auckland,2026-02-23T06:33:29.965440
02 - Auckland,2026-02-23T06:33:29.965440
02 - Auckland,2026-02-23T06:33:29.965440
02 - Auckland,2026-02-23T06:33:29.965440
02 - Auckland,2026-02-23T06:33:29.965440
02 - Auckland,2026-02-23T06:33:29.965440
02 - Auckland,2026-02-23T06:33:29.965440
02 - Auckland,2026-02-23T06:33:29.965440
02 - Auckland,2026-02-23T06:33:29.965440
02 - Auckland,2026-02-23T06:33:29.965440
02 - Auckland,2026-02-23T06:33:29.965440
02 - Auckland,2026-02-23T06:33:29.965440
02 - Auckland,2026-02-23T06:33:29.965440
02 - Auckland,2026-02-23T06:33:29.965440
02 - Auckland,2026-02-23T06:33:29.965440
02 - Auckland,2026-02-23T06:33:29.965440
02 - Auckland,2026-02-23T06:33:29.965440
02 - Auckland,2026-02-23T06:33:29.965440
02 - Auckland,2026-02-23T06:33:29.965440
02 - Auckland,2026-02-23T06:33:29.965440
02 - Auckland,2026-02-23T06:33:29.965440
02 - Auckland,2026-02-23T06:33:29.965440
02 - Auckland,2026-02-23T06:33:29.965440
02 - Auckland,2026-02-23T06:33:29.965440
02 - Auckland,2026-02-23T06:33:29.965440
02 - Auckland,2026-02-23T06:33:29.965440
02 - Auckland,2026-02-23T06:33:29.965440
02 - Auckland,2026-02-23T06:33:29.965440
02 - Auckland,2026-02-23T06:33:29.965440
02 - Auckland,2026-02-23T06:33:29.965440
02 - Auckland,2026-02-23T06:33:29.965440
02 - Auckland,2026-02-23T06:33:29.965440
02 - Auckland,2026-02-23T06:33:29.965440
02 - Auckland,2026-02-23T06:33:29.965440
02 - Auckland,2026-02-23T06:33:29.965440
02 - Auckland,2026-02-23T06:33:29.965440
02 - Auckland,2026-02-23T06:33:29.965440
02 - Auckland,2026-02-23T06:33:29.965440
02 - Auckland,2026-02-23T06:33:29.965440
02 - Auckland,2026-02-23T06:33:29.965440
02 - Auckland,2026-02-23T06:33:29.965440
02 - Auckland,2026-02-23T06:33:29.965440
02 - Auckland,2026-02-23T06:33:29.965440
02 - Auckland,2026-02-23T06:33:29.965440
02 - Auckland,2026-02-23T06:33:29.965440
02 - Auckland,2026-02-23T06:33:29.965440
02 - Auckland,2026-02-23T06:33:29.965440
02 - Auckland,2026-02-23T06:33:29.965440
02 - Auckland,2026-02-23T06:33:29.965440
02 - Auckland,2026-02-23T06:33:29.965440
02 - Auckland,2026-02-23T06:33:29.965440
02 - Auckland,2026-02-23T06:33:29.965440
02 - Auckland,2026-02-23T06:33:29.965440
02 - Auckland,2026-02-23T06:33:29.965440
02 - Auckland,2026-02-23T06:33:29.965440
02 - Auckland,2026-02-23T06:33:29.965440
02 - Auckland,2026-02-23T06:33:29.965440
02 - Auckland,2026-02-23T06:33:29.965440
02 - Auckland,2026-02-23T06:33:29.965440
02 - Auckland,2026-02-23T06:33:29.965440
02 - Auckland,2026-02-23T06:33:29.965440
02 - Auckland,2026-02-23T06:33:29.965440
02 - Auckland,2026-02-23T06:33:29.965440
02 - Auckland,2026-02-23T06:33:29.965440
02 - Auckland,2026-02-23T06:33:29.965440
02 - Auckland,2026-02-23T06:33:29.965440
02 - Auckland,2026-02-23T06:33:29.965440
02 - Auckland,2026-02-23T06:33:29.965440
02 - Auckland,2026-02-23T06:33:29.965440
02 - Auckland,2026-02-23T06:33:29.965440
02 - Auckland,2026-02-23T06:33:29.965440
02 - Auckland,2026-02-23T06:33:29.965440
02 - Auckland,2026-02-23T06:33:29.965440
02 - Auckland,2026-02-23T06:33:29.965440
02 - Auckland,2026-02-23T06:33:29.965440
02 - Auckland,2026-02-23T06:33:29.965440
02 - Auckland,2026-02-23T06:33:29.965440
02 - Auckland,2026-02-23T06:33:29.965440
02 - Auckland,2026-02-23T06:33:29.965440
02 - Auckland,2026-02-23T06:33:29.965440
02 - Auckland,2026-02-23T06:33:29.965440
02 - Auckland,2026-02-23T06:33:29.965440
02 - Auckland,2026-02-23T06:33:29.965440
02 - Auckland,2026-02-23T06:33:29.965440
02 - Auckland,2026-02-23T06:33:29.965440
02 - Auckland,2026-02-23T06:33:29.965440
02 - Auckland,2026-02-23T06:33:29.965440
02 - Auckland,2026-02-23T06:33:29.965440
02 - Auckland,2026-02-23T06:33:29.965440
02 - Auckland,2026-02-23T06:33:29.965440
02 - Auckland,2026-02-23T06:33:29.965440
02 - Auckland,2026-02-23T06:33:29.965440
02 - Auckland,2026-02-23T06:33:29.965440
02 - Auckland,2026-02-23T06:33:29.965440
02 - Auckland,2026-02-23T06:33:29.965440
02 - Auckland,2026-02-23T06:33:29.965440
02 - Auckland,2026-02-23T06:33:29.965440
02 - Auckland,2026-02-23T06:33:29.965440
02 - Auckland,2026-02-23T06:33:29.965440
02 - Auckland,2026-02-23T06:33:29.965440
02 - Auckland,2026-02-23T06:33:29.965440
02 - Auckland,2026-02-23T06:33:29.965440
02 - Auckland,2026-02-23T06:33:29.965440
02 - Auckland,2026-02-23T06:33:29.965440
02 - Auckland,2026-02-23T06:33:29.965440
02 - Auckland,2026-02-23T06:33:29.965440
02 - Auckland,2026-02-23T06:33:29.965440
02 - Auckland,2026-02-23T06:33:29.965440
02 - Auckland,2026-02-23T06:33:29.965440
02 - Auckland,2026-02-23T06:33:29.965440
02 - Auckland,2026-02-23T06:33:29.965440
02 - Auckland,2026-02-23T06:33:29.965440
02 - Auckland,2026-02-23T06:33:29.965440
02 - Auckland,2026-02-23T06:33:29.965440
02 - Auckland,2026-02-23T06:33:29.965440
02 - Auckland,2026-02-23T06:33:29.965440
02 - Auckland,2026-02-23T06:33:29.965440
02 - Auckland,2026-02-23T06:33:29.965440
02 - Auckland,2026-02-23T06:33:29.965440
02 - Auckland,2026-02-23T06:33:29.965440
02 - Auckland,2026-02-23T06:33:29.965440
02 - Auckland,2026-02-23T06:33:29.965440
02 - Auckland,2026-02-23T06:33:29.965440
02 - Auckland,2026-02-23T06:33:29.965440
02 - Auckland,2026-02-23T06:33:29.965440
02 - Auckland,2026-02-23T06:33:29.965440
02 - Auckland,2026-02-23T06:33:29.965440
02 - Auckland,2026-02-23T06:33:29.965440
02 - Auckland,2026-02-23T06:33:29.965440
02 - Auckland,2026-02-23T06:33:29.965440
02 - Auckland,2026-02-23T06:33:29.965440
02 - Auckland,2026-02-23T06:33:29.965440
02 - Auckland,2026-02-23T06:33:29.965440
02 - Auckland,2026-02-23T06:33:29.965440
02 - Auckland,2026-02-23T06:33:29.965440
02 - Auckland,2026-02-23T06:33:29.965440
02 - Auckland,2026-02-23T06:33:29.965440
02 - Auckland,2026-02-23T06:33:29.965440
02 - Auckland,2026-02-23T06:33:29.965440
02 - Auckland,2026-02-23T06:33:29.965440
02 - Auckland,2026-02-23T06:33:29.965440
02 - Auckland,2026-02-23T06:33:29.965440
02 - Auckland,2026-02-23T06:33:29.965440
02 - Auckland,2026-02-23T06:33:29.965440
02 - Auckland,2026-02-23T06:33:29.965440
02 - Auckland,2026-02-23T06:33:29.965440
02 - Auckland,2026-02-23T06:33:29.965440
02 - Auckland,2026-02-23T06:33:29.965440
02 - Auckland,2026-02-23T06:33:29.965440
02 - Auckland,2026-02-23T06:33:29.965440
02 - Auckland,2026-02-23T06:33:29.965440
02 - Auckland,2026-02-23T06:33:29.965440
02 - Auckland,2026-02-23T06:33:29.965440
02 - Auckland,2026-02-23T06:33:29.965440
02 - Auckland,2026-02-23T06:33:29.965440
02 - Auckland,2026-02-23T06:33:29.965440
02 - Auckland,2026-02-23T06:33:29.965440
02 - Auckland,2026-02-23T06:33:29.965440
02 - Auckland,2026-02-23T06:33:29.965440
02 - Auckland,2026-02-23T06:33:29.965440
02 - Auckland,2026-02-23T06:33:29.965440
02 - Auckland,2026-02-23T06:33:29.965440
02 - Auckland,2026-02-23T06:33:29.965440
02 - Auckland,2026-02-23T06:33:29.965440
02 - Auckland,2026-02-23T06:33:29.965440
02 - Auckland,2026-02-23T06:33:29.965440
02 - Auckland,2026-02-23T06:33:29.965440
02 - Auckland,2026-02-23T06:33:29.965440
02 - Auckland,2026-02-23T06:33:29.965440
02 - Auckland,2026-02-23T06:33:29.965440
02 - Auckland,2026-02-23T06:33:29.965440
02 - Auckland,2026-02-23T06:33:29.965440
02 - Auckland,2026-02-23T06:33:29.965440
02 - Auckland,2026-02-23T06:33:29.965440
02 - Auckland,2026-02-23T06:33:29.965440
02 - Auckland,2026-02-23T06:33:29.965440
02 - Auckland,2026-02-23T06:33:29.965440
02 - Auckland,2026-02-23T06:33:29.965440
02 - Auckland,2026-02-23T06:33:29.965440
02 - Auckland,2026-02-23T06:33:29.965440
02 - Auckland,2026-02-23T06:33:29.965440
02 - Auckland,2026-02-23T06:33:29.965440
02 - Auckland,2026-02-23T06:33:29.965440
02 - Auckland,2026-02-23T06:33:29.965440
02 - Auckland,2026-02-23T06:33:29.965440
02 - Auckland,2026-02-23T06:33:29.965440
02 - Auckland,2026-02-23T06:33:29.965440
02 - Auckland,2026-02-23T06:33:29.965440
02 - Auckland,2026-02-23T06:33:29.965440
02 - Auckland,2026-02-23T06:33:29.965440
02 - Auckland,2026-02-23T06:33:29.965440
02 - Auckland,2026-02-23T06:33:29.965440
02 - Auckland,2026-02-23T06:33:29.965440
02 - Auckland,2026-02-23T06:33:29.965440
02 - Auckland,2026-02-23T06:33:29.965440
02 - Auckland,2026-02-23T06:33:29.965440
02 - Auckland,2026-02-23T06:33:29.965440
02 - Auckland,2026-02-23T06:33:29.965440
02 - Auckland,2026-02-23T06:33:29.965440
02 - Auckland,2026-02-23T06:33:29.965440
02 - Auckland,2026-02-23T06:33:29.965440
02 - Auckland,2026-02-23T06:33:29.965440
02 - Auckland,2026-02-23T06:33:29.965440
02 - Auckland,2026-02-23T06:33:29.965440
02 - Auckland,2026-02-23T06:33:29.965440
02 - Auckland,2026-02-23T06:33:29.965440
02 - Auckland,2026-02-23T06:33:29.965440
02 - Auckland,2026-02-23T06:33:29.965440
02 - Auckland,2026-02-23T06:33:29.965440
02 - Auckland,2026-02-23T06:33:29.965440
02 - Auckland,2026-02-23T06:33:29.965440
02 - Auckland,2026-02-23T06:33:29.965440
02 - Auckland,2026-02-23T06:33:29.965440
02 - Auckland,2026-02-23T06:33:29.965440
02 - Auckland,2026-02-23T06:33:29.965440
02 - Auckland,2026-02-23T06:33:29.965440
02 - Auckland,2026-02-23T06:33:29.965440
02 - Auckland,2026-02-23T06:33:29.965440
02 - Auckland,2026-02-23T06:33:29.965440
02 - Auckland,2026-02-23T06:33:29.965440
02 - Auckland,2026-02-23T06:33:29.965440
02 - Auckland,2026-02-23T06:33:29.965440
02 - Auckland,2026-02-23T06:33:29.965440
02 - Auckland,2026-02-23T06:33:29.965440
02 - Auckland,2026-02-23T06:33:29.965440
02 - Auckland,2026-02-23T06:33:29.965440
02 - Auckland,2026-02-23T06:33:29.965440
02 - Auckland,2026-02-23T06:33:29.965440
02 - Auckland,2026-02-23T06:33:29.965440
02 - Auckland,2026-02-23T06:33:29.965440
02 - Auckland,2026-02-23T06:33:29.965440
02 - Auckland,2026-02-23T06:33:29.965440
02 - Auckland,2026-02-23T06:33:29.965440
02 - Auckland,2026-02-23T06:33:29.965440
02 - Auckland,2026-02-23T06:33:29.965440
02 - Auckland,2026-02-23T06:33:29.965440
02 - Auckland,2026-02-23T06:33:29.965440
02 - Auckland,2026-02-23T06:33:29.965440
02 - Auckland,2026-02-23T06:33:29.965440
02 - Auckland,2026-02-23T06:33:29.965440
02 - Auckland,2026-02-23T06:33:29.965440
02 - Auckland,2026-02-23T06:33:29.965440
02 - Auckland,2026-02-23T06:33:29.965440
02 - Auckland,2026-02-23T06:33:29.965440
02 - Auckland,2026-02-23T06:33:29.965440
02 - Auckland,2026-02-23T06:33:29.965440
02 - Auckland,2026-02-23T06:33:29.965440
02 - Auckland,2026-02-23T06:33:29.965440
02 - Auckland,2026-02-23T06:33:29.965440
02 - Auckland,2026-02-23T06:33:29.965440
02 - Auckland,2026-02-23T06:33:29.965440
02 - Auckland,2026-02-23T06:33:29.965440
02 - Auckland,2026-02-23T06:33:29.965440
02 - Auckland,2026-02-23T06:33:29.965440
02 - Auckland,2026-02-23T06:33:29.965440
02 - Auckland,2026-02-23T06:33:29.965440
02 - Auckland,2026-02-23T06:33:29.965440
02 - Auckland,2026-02-23T06:33:29.965440
02 - Auckland,2026-02-23T06:33:29.965440
02 - Auckland,2026-02-23T06:33:29.965440
02 - Auckland,2026-02-23T06:33:29.965440
02 - Auckland,2026-02-23T06:33:29.965440
02 - Auckland,2026-02-23T06:33:29.965440
02 - Auckland,2026-02-23T06:33:29.965440
02 - Auckland,2026-02-23T06:33:29.965440
02 - Auckland,2026-02-23T06:33:29.965440
02 - Auckland,2026-02-23T06:33:29.965440
02 - Auckland,2026-02-23T06:33:29.965440
02 - Auckland,2026-02-23T06:33:29.965440
02 - Auckland,2026-02-23T06:33:29.965440
02 - Auckland,2026-02-23T06:33:29.965440
02 - Auckland,2026-02-23T06:33:29.965440
02 - Auckland,2026-02-23T06:33:29.965440
02 - Auckland,2026-02-23T06:33:29.965440
02 - Auckland,2026-02-23T06:33:29.965440
02 - Auckland,2026-02-23T06:33:29.965440
02 - Auckland,2026-02-23T06:33:29.965440
02 - Auckland,2026-02-23T06:33:29.965440
02 - Auckland,2026-02-23T06:33:29.965440
02 - Auckland,2026-02-23T06:33:29.965440
02 - Auckland,2026-02-23T06:33:29.965440
02 - Auckland,2026-02-23T06:33:29.965440
02 - Auckland,2026-02-23T06:33:29.965440
02 - Auckland,2026-02-23T06:33:29.965440
02 - Auckland,2026-02-23T06:33:29.965440
02 - Auckland,2026-02-23T06:33:29.965440
02 - Auckland,2026-02-23T06:33:29.965440
02 - Auckland,2026-02-23T06:33:29.965440
02 - Auckland,2026-02-23T06:33:29.965440
02 - Auckland,2026-02-23T06:33:29.965440
02 - Auckland,2026-02-23T06:33:29.965440
02 - Auckland,2026-02-23T06:33:29.965440
02 - Auckland,2026-02-23T06:33:29.965440
02 - Auckland,2026-02-23T06:33:29.965440
02 - Auckland,2026-02-23T06:33:29.965440
02 - Auckland,2026-02-23T06:33:29.965440
02 - Auckland,2026-02-23T06:33:29.965440
02 - Auckland,2026-02-23T06:33:29.965440
02 - Auckland,2026-02-23T06:33:29.965440
02 - Auckland,2026-02-23T06:33:29.965440
02 - Auckland,2026-02-23T06:33:29.965440
02 - Auckland,2026-02-23T06:33:29.965440
02 - Auckland,2026-02-23T06:33:29.965440
02 - Auckland,2026-02-23T06:33:29.965440
02 - Auckland,2026-02-23T06:33:29.965440
02 - Auckland,2026-02-23T06:33:29.965440
02 - Auckland,2026-02-23T06:33:29.965440
02 - Auckland,2026-02-23T06:33:29.965440
02 - Auckland,2026-02-23T06:33:29.965440
02 - Auckland,2026-02-23T06:33:29.965440
02 - Auckland,2026-02-23T06:33:29.965440
02 - Auckland,2026-02-23T06:33:29.965440
02 - Auckland,2026-02-23T06:33:29.965440
02 - Auckland,2026-02-23T06:33:29.965440
02 - Auckland,2026-02-23T06:33:29.965440
02 - Auckland,2026-02-23T06:33:29.965440
02 - Auckland,2026-02-23T06:33:29.965440
02 - Auckland,2026-02-23T06:33:29.965440
02 - Auckland,2026-02-23T06:33:29.965440
02 - Auckland,2026-02-23T06:33:29.965440
02 - Auckland,2026-02-23T06:33:29.965440
02 - Auckland,2026-02-23T06:33:29.965440
02 - Auckland,2026-02-23T06:33:29.965440
02 - Auckland,2026-02-23T06:33:29.965440
02 - Auckland,2026-02-23T06:33:29.965440
02 - Auckland,2026-02-23T06:33:29.965440
02 - Auckland,2026-02-23T06:33:29.965440
02 - Auckland,2026-02-23T06:33:29.965440
02 - Auckland,2026-02-23T06:33:29.965440
02 - Auckland,2026-02-23T06:33:29.965440
02 - Auckland,2026-02-23T06:33:29.965440
02 - Auckland,2026-02-23T06:33:29.965440
02 - Auckland,2026-02-23T06:33:29.965440
03 - Waikato,2026-02-23T06:33:29.965440
03 - Waikato,2026-02-23T06:33:29.965440
03 - Waikato,2026-02-23T06:33:29.965440
03 - Waikato,2026-02-23T06:33:29.965440
03 - Waikato,2026-02-23T06:33:29.965440
03 - Waikato,2026-02-23T06:33:29.965440
03 - Waikato,2026-02-23T06:33:29.965440
03 - Waikato,2026-02-23T06:33:29.965440
03 - Waikato,2026-02-23T06:33:29.965440
03 - Waikato,2026-02-23T06:33:29.965440
03 - Waikato,2026-02-23T06:33:29.965440
03 - Waikato,2026-02-23T06:33:29.965440
03 - Waikato,2026-02-23T06:33:29.965440
03 - Waikato,2026-02-23T06:33:29.965440
03 - Waikato,2026-02-23T06:33:29.965440
03 - Waikato,2026-02-23T06:33:29.965440
03 - Waikato,2026-02-23T06:33:29.965440
03 - Waikato,2026-02-23T06:33:29.965440
03 - Waikato,2026-02-23T06:33:29.965440
03 - Waikato,2026-02-23T06:33:29.965440
03 - Waikato,2026-02-23T06:33:29.965440
03 - Waikato,2026-02-23T06:33:29.965440
03 - Waikato,2026-02-23T06:33:29.965440
03 - Waikato,2026-02-23T06:33:29.965440
03 - Waikato,2026-02-23T06:33:29.965440
03 - Waikato,2026-02-23T06:33:29.965440
03 - Waikato,2026-02-23T06:33:29.965440
03 - Waikato,2026-02-23T06:33:29.965440
03 - Waikato,2026-02-23T06:33:29.965440
03 - Waikato,2026-02-23T06:33:29.965440
03 - Waikato,2026-02-23T06:33:29.965440
03 - Waikato,2026-02-23T06:33:29.965440
03 - Waikato,2026-02-23T06:33:29.965440
03 - Waikato,2026-02-23T06:33:29.965440
03 - Waikato,2026-02-23T06:33:29.965440
03 - Waikato,2026-02-23T06:33:29.965440
03 - Waikato,2026-02-23T06:33:29.965440
03 - Waikato,2026-02-23T06:33:29.965440
03 - Waikato,2026-02-23T06:33:29.965440
03 - Waikato,2026-02-23T06:33:29.965440
03 - Waikato,2026-02-23T06:33:29.965440
03 - Waikato,2026-02-23T06:33:29.965440
03 - Waikato,2026-02-23T06:33:29.965440
03 - Waikato,2026-02-23T06:33:29.965440
03 - Waikato,2026-02-23T06:33:29.965440
03 - Waikato,2026-02-23T06:33:29.965440
03 - Waikato,2026-02-23T06:33:29.965440
03 - Waikato,2026-02-23T06:33:29.965440
03 - Waikato,2026-02-23T06:33:29.965440
03 - Waikato,2026-02-23T06:33:29.965440
03 - Waikato,2026-02-23T06:33:29.965440
03 - Waikato,2026-02-23T06:33:29.965440
03 - Waikato,2026-02-23T06:33:29.965440
03 - Waikato,2026-02-23T06:33:29.965440
03 - Waikato,2026-02-23T06:33:29.965440
03 - Waikato,2026-02-23T06:33:29.965440
03 - Waikato,2026-02-23T06:33:29.965440
03 - Waikato,2026-02-23T06:33:29.965440
03 - Waikato,2026-02-23T06:33:29.965440
03 - Waikato,2026-02-23T06:33:29.965440
03 - Waikato,2026-02-23T06:33:29.965440
03 - Waikato,2026-02-23T06:33:29.965440
03 - Waikato,2026-02-23T06:33:29.965440
03 - Waikato,2026-02-23T06:33:29.965440
03 - Waikato,2026-02-23T06:33:29.965440
03 - Waikato,2026-02-23T06:33:29.965440
03 - Waikato,2026-02-23T06:33:29.965440
03 - Waikato,2026-02-23T06:33:29.965440
03 - Waikato,2026-02-23T06:33:29.965440
03 - Waikato,2026-02-23T06:33:29.965440
03 - Waikato,2026-02-23T06:33:29.965440
03 - Waikato,2026-02-23T06:33:29.965440
03 - Waikato,2026-02-23T06:33:29.965440
03 - Waikato,2026-02-23T06:33:29.965440
03 - Waikato,2026-02-23T06:33:29.965440
03 - Waikato,2026-02-23T06:33:29.965440
03 - Waikato,2026-02-23T06:33:29.965440
03 - Waikato,2026-02-23T06:33:29.965440
03 - Waikato,2026-02-23T06:33:29.965440
03 - Waikato,2026-02-23T06:33:29.965440
03 - Waikato,2026-02-23T06:33:29.965440
03 - Waikato,2026-02-23T06:33:29.965440
03 - Waikato,2026-02-23T06:33:29.965440
03 - Waikato,2026-02-23T06:33:29.965440
03 - Waikato,2026-02-23T06:33:29.965440
03 - Waikato,2026-02-23T06:33:29.965440
03 - Waikato,2026-02-23T06:33:29.965440
03 - Waikato,2026-02-23T06:33:29.965440
03 - Waikato,2026-02-23T06:33:29.965440
03 - Waikato,2026-02-23T06:33:29.965440
03 - Waikato,2026-02-23T06:33:29.965440
03 - Waikato,2026-02-23T06:33:29.965440
03 - Waikato,2026-02-23T06:33:29.965440
03 - Waikato,2026-02-23T06:33:29.965440
03 - Waikato,2026-02-23T06:33:29.965440
03 - Waikato,2026-02-23T06:33:29.965440
03 - Waikato,2026-02-23T06:33:29.965440
03 - Waikato,2026-02-23T06:33:29.965440
03 - Waikato,2026-02-23T06:33:29.965440
03 - Waikato,2026-02-23T06:33:29.965440
03 - Waikato,2026-02-23T06:33:29.965440
03 - Waikato,2026-02-23T06:33:29.965440
03 - Waikato,2026-02-23T06:33:29.965440
03 - Waikato,2026-02-23T06:33:29.965440
03 - Waikato,2026-02-23T06:33:29.965440
03 - Waikato,2026-02-23T06:33:29.965440
03 - Waikato,2026-02-23T06:33:29.965440
03 - Waikato,2026-02-23T06:33:29.965440
03 - Waikato,2026-02-23T06:33:29.965440
03 - Waikato,2026-02-23T06:33:29.965440
03 - Waikato,2026-02-23T06:33:29.965440
03 - Waikato,2026-02-23T06:33:29.965440
03 - Waikato,2026-02-23T06:33:29.965440
03 - Waikato,2026-02-23T06:33:29.965440
03 - Waikato,2026-02-23T06:33:29.965440
03 - Waikato,2026-02-23T06:33:29.965440
03 - Waikato,2026-02-23T06:33:29.965440
03 - Waikato,2026-02-23T06:33:29.965440
03 - Waikato,2026-02-23T06:33:29.965440
03 - Waikato,2026-02-23T06:33:29.965440
03 - Waikato,2026-02-23T06:33:29.965440
03 - Waikato,2026-02-23T06:33:29.965440
03 - Waikato,2026-02-23T06:33:29.965440
03 - Waikato,2026-02-23T06:33:29.965440
03 - Waikato,2026-02-23T06:33:29.965440
03 - Waikato,2026-02-23T06:33:29.965440
03 - Waikato,2026-02-23T06:33:29.965440
03 - Waikato,2026-02-23T06:33:29.965440
03 - Waikato,2026-02-23T06:33:29.965440
03 - Waikato,2026-02-23T06:33:29.965440
03 - Waikato,2026-02-23T06:33:29.965440
03 - Waikato,2026-02-23T06:33:29.965440
03 - Waikato,2026-02-23T06:33:29.965440
03 - Waikato,2026-02-23T06:33:29.965440
03 - Waikato,2026-02-23T06:33:29.965440
03 - Waikato,2026-02-23T06:33:29.965440
03 - Waikato,2026-02-23T06:33:29.965440
03 - Waikato,2026-02-23T06:33:29.965440
03 - Waikato,2026-02-23T06:33:29.965440
03 - Waikato,2026-02-23T06:33:29.965440
03 - Waikato,2026-02-23T06:33:29.965440
03 - Waikato,2026-02-23T06:33:29.965440
03 - Waikato,2026-02-23T06:33:29.965440
03 - Waikato,2026-02-23T06:33:29.965440
03 - Waikato,2026-02-23T06:33:29.965440
03 - Waikato,2026-02-23T06:33:29.965440
03 - Waikato,2026-02-23T06:33:29.965440
03 - Waikato,2026-02-23T06:33:29.965440
03 - Waikato,2026-02-23T06:33:29.965440
03 - Waikato,2026-02-23T06:33:29.965440
03 - Waikato,2026-02-23T06:33:29.965440
03 - Waikato,2026-02-23T06:33:29.965440
03 - Waikato,2026-02-23T06:33:29.965440
03 - Waikato,2026-02-23T06:33:29.965440
03 - Waikato,2026-02-23T06:33:29.965440
03 - Waikato,2026-02-23T06:33:29.965440
03 - Waikato,2026-02-23T06:33:29.965440
03 - Waikato,2026-02-23T06:33:29.965440
03 - Waikato,2026-02-23T06:33:29.965440
03 - Waikato,2026-02-23T06:33:29.965440
03 - Waikato,2026-02-23T06:33:29.965440
03 - Waikato,2026-02-23T06:33:29.965440
03 - Waikato,2026-02-23T06:33:29.965440
03 - Waikato,2026-02-23T06:33:29.965440
03 - Waikato,2026-02-23T06:33:29.965440
03 - Waikato,2026-02-23T06:33:29.965440
03 - Waikato,2026-02-23T06:33:29.965440
03 - Waikato,2026-02-23T06:33:29.965440
03 - Waikato,2026-02-23T06:33:29.965440
03 - Waikato,2026-02-23T06:33:29.965440
03 - Waikato,2026-02-23T06:33:29.965440
03 - Waikato,2026-02-23T06:33:29.965440
03 - Waikato,2026-02-23T06:33:29.965440
03 - Waikato,2026-02-23T06:33:29.965440
03 - Waikato,2026-02-23T06:33:29.965440
03 - Waikato,2026-02-23T06:33:29.965440
03 - Waikato,2026-02-23T06:33:29.965440
03 - Waikato,2026-02-23T06:33:29.965440
03 - Waikato,2026-02-23T06:33:29.965440
03 - Waikato,2026-02-23T06:33:29.965440
03 - Waikato,2026-02-23T06:33:29.965440
03 - Waikato,2026-02-23T06:33:29.965440
03 - Waikato,2026-02-23T06:33:29.965440
03 - Waikato,2026-02-23T06:33:29.965440
03 - Waikato,2026-02-23T06:33:29.965440
03 - Waikato,2026-02-23T06:33:29.965440
03 - Waikato,2026-02-23T06:33:29.965440
03 - Waikato,2026-02-23T06:33:29.965440
03 - Waikato,2026-02-23T06:33:29.965440
03 - Waikato,2026-02-23T06:33:29.965440
03 - Waikato,2026-02-23T06:33:29.965440
03 - Waikato,2026-02-23T06:33:29.965440
03 - Waikato,2026-02-23T06:33:29.965440
03 - Waikato,2026-02-23T06:33:29.965440
03 - Waikato,2026-02-23T06:33:29.965440
03 - Waikato,2026-02-23T06:33:29.965440
03 - Waikato,2026-02-23T06:33:29.965440
03 - Waikato,2026-02-23T06:33:29.965440
03 - Waikato,2026-02-23T06:33:29.965440
03 - Waikato,2026-02-23T06:33:29.965440
03 - Waikato,2026-02-23T06:33:29.965440
03 - Waikato,2026-02-23T06:33:29.965440
03 - Waikato,2026-02-23T06:33:29.965440
03 - Waikato,2026-02-23T06:33:29.965440
03 - Waikato,2026-02-23T06:33:29.965440
03 - Waikato,2026-02-23T06:33:29.965440
03 - Waikato,2026-02-23T06:33:29.965440
03 - Waikato,2026-02-23T06:33:29.965440
03 - Waikato,2026-02-23T06:33:29.965440
03 - Waikato,2026-02-23T06:33:29.965440
03 - Waikato,2026-02-23T06:33:29.965440
03 - Waikato,2026-02-23T06:33:29.965440
04 - Bay of Plenty,2026-02-23T06:33:29.965440
04 - Bay of Plenty,2026-02-23T06:33:29.965440
04 - Bay of Plenty,2026-02-23T06:33:29.965440
04 - Bay of Plenty,2026-02-23T06:33:29.965440
04 - Bay of Plenty,2026-02-23T06:33:29.965440
04 - Bay of Plenty,2026-02-23T06:33:29.965440
04 - Bay of Plenty,2026-02-23T06:33:29.965440
04 - Bay of Plenty,2026-02-23T06:33:29.965440
04 - Bay of Plenty,2026-02-23T06:33:29.965440
04 - Bay of Plenty,2026-02-23T06:33:29.965440
04 - Bay of Plenty,2026-02-23T06:33:29.965440
04 - Bay of Plenty,2026-02-23T06:33:29.965440
04 - Bay of Plenty,2026-02-23T06:33:29.965440
04 - Bay of Plenty,2026-02-23T06:33:29.965440
04 - Bay of Plenty,2026-02-23T06:33:29.965440
04 - Bay of Plenty,2026-02-23T06:33:29.965440
04 - Bay of Plenty,2026-02-23T06:33:29.965440
04 - Bay of Plenty,2026-02-23T06:33:29.965440
04 - Bay of Plenty,2026-02-23T06:33:29.965440
04 - Bay of Plenty,2026-02-23T06:33:29.965440
04 - Bay of Plenty,2026-02-23T06:33:29.965440
04 - Bay of Plenty,2026-02-23T06:33:29.965440
04 - Bay of Plenty,2026-02-23T06:33:29.965440
04 - Bay of Plenty,2026-02-23T06:33:29.965440
04 - Bay of Plenty,2026-02-23T06:33:29.965440
04 - Bay of Plenty,2026-02-23T06:33:29.965440
04 - Bay of Plenty,2026-02-23T06:33:29.965440
04 - Bay of Plenty,2026-02-23T06:33:29.965440
04 - Bay of Plenty,2026-02-23T06:33:29.965440
04 - Bay of Plenty,2026-02-23T06:33:29.965440
04 - Bay of Plenty,2026-02-23T06:33:29.965440
04 - Bay of Plenty,2026-02-23T06:33:29.965440
04 - Bay of Plenty,2026-02-23T06:33:29.965440
04 - Bay of Plenty,2026-02-23T06:33:29.965440
04 - Bay of Plenty,2026-02-23T06:33:29.965440
04 - Bay of Plenty,2026-02-23T06:33:29.965440
04 - Bay of Plenty,2026-02-23T06:33:29.965440
04 - Bay of Plenty,2026-02-23T06:33:29.965440
04 - Bay of Plenty,2026-02-23T06:33:29.965440
04 - Bay of Plenty,2026-02-23T06:33:29.965440
04 - Bay of Plenty,2026-02-23T06:33:29.965440
04 - Bay of Plenty,2026-02-23T06:33:29.965440
04 - Bay of Plenty,2026-02-23T06:33:29.965440
04 - Bay of Plenty,2026-02-23T06:33:29.965440
04 - Bay of Plenty,2026-02-23T06:33:29.965440
04 - Bay of Plenty,2026-02-23T06:33:29.965440
04 - Bay of Plenty,2026-02-23T06:33:29.965440
04 - Bay of Plenty,2026-02-23T06:33:29.965440
04 - Bay of Plenty,2026-02-23T06:33:29.965440
04 - Bay of Plenty,2026-02-23T06:33:29.965440
04 - Bay of Plenty,2026-02-23T06:33:29.965440
04 - Bay of Plenty,2026-02-23T06:33:29.965440
04 - Bay of Plenty,2026-02-23T06:33:29.965440
04 - Bay of Plenty,2026-02-23T06:33:29.965440
04 - Bay of Plenty,2026-02-23T06:33:29.965440
04 - Bay of Plenty,2026-02-23T06:33:29.965440
04 - Bay of Plenty,2026-02-23T06:33:29.965440
04 - Bay of Plenty,2026-02-23T06:33:29.965440
04 - Bay of Plenty,2026-02-23T06:33:29.965440
04 - Bay of Plenty,2026-02-23T06:33:29.965440
04 - Bay of Plenty,2026-02-23T06:33:29.965440
04 - Bay of Plenty,2026-02-23T06:33:29.965440
04 - Bay of Plenty,2026-02-23T06:33:29.965440
04 - Bay of Plenty,2026-02-23T06:33:29.965440
04 - Bay of Plenty,2026-02-23T06:33:29.965440
04 - Bay of Plenty,2026-02-23T06:33:29.965440
04 - Bay of Plenty,2026-02-23T06:33:29.965440
04 - Bay of Plenty,2026-02-23T06:33:29.965440
04 - Bay of Plenty,2026-02-23T06:33:29.965440
04 - Bay of Plenty,2026-02-23T06:33:29.965440
04 - Bay of Plenty,2026-02-23T06:33:29.965440
04 - Bay of Plenty,2026-02-23T06:33:29.965440
04 - Bay of Plenty,2026-02-23T06:33:29.965440
04 - Bay of Plenty,2026-02-23T06:33:29.965440
04 - Bay of Plenty,2026-02-23T06:33:29.965440
04 - Bay of Plenty,2026-02-23T06:33:29.965440
04 - Bay of Plenty,2026-02-23T06:33:29.965440
04 - Bay of Plenty,2026-02-23T06:33:29.965440
04 - Bay of Plenty,2026-02-23T06:33:29.965440
04 - Bay of Plenty,2026-02-23T06:33:29.965440
04 - Bay of Plenty,2026-02-23T06:33:29.965440
04 - Bay of Plenty,2026-02-23T06:33:29.965440
04 - Bay of Plenty,2026-02-23T06:33:29.965440
04 - Bay of Plenty,2026-02-23T06:33:29.965440
04 - Bay of Plenty,2026-02-23T06:33:29.965440
04 - Bay of Plenty,2026-02-23T06:33:29.965440
04 - Bay of Plenty,2026-02-23T06:33:29.965440
04 - Bay of Plenty,2026-02-23T06:33:29.965440
04 - Bay of Plenty,2026-02-23T06:33:29.965440
04 - Bay of Plenty,2026-02-23T06:33:29.965440
04 - Bay of Plenty,2026-02-23T06:33:29.965440
04 - Bay of Plenty,2026-02-23T06:33:29.965440
04 - Bay of Plenty,2026-02-23T06:33:29.965440
04 - Bay of Plenty,2026-02-23T06:33:29.965440
04 - Bay of Plenty,2026-02-23T06:33:29.965440
04 - Bay of Plenty,2026-02-23T06:33:29.965440
04 - Bay of Plenty,2026-02-23T06:33:29.965440
04 - Bay of Plenty,2026-02-23T06:33:29.965440
04 - Bay of Plenty,2026-02-23T06:33:29.965440
04 - Bay of Plenty,2026-02-23T06:33:29.965440
04 - Bay of Plenty,2026-02-23T06:33:29.965440
04 - Bay of Plenty,2026-02-23T06:33:29.965440
04 - Bay of Plenty,2026-02-23T06:33:29.965440
04 - Bay of Plenty,2026-02-23T06:33:29.965440
05 - Gisborne,2026-02-23T06:33:29.965440
05 - Gisborne,2026-02-23T06:33:29.965440
05 - Gisborne,2026-02-23T06:33:29.965440
05 - Gisborne,2026-02-23T06:33:29.965440
05 - Gisborne,2026-02-23T06:33:29.965440
05 - Gisborne,2026-02-23T06:33:29.965440
05 - Gisborne,2026-02-23T06:33:29.965440
05 - Gisborne,2026-02-23T06:33:29.965440
05 - Gisborne,2026-02-23T06:33:29.965440
05 - Gisborne,2026-02-23T06:33:29.965440
05 - Gisborne,2026-02-23T06:33:29.965440
05 - Gisborne,2026-02-23T06:33:29.965440
05 - Gisborne,2026-02-23T06:33:29.965440
05 - Gisborne,2026-02-23T06:33:29.965440
05 - Gisborne,2026-02-23T06:33:29.965440
05 - Gisborne,2026-02-23T06:33:29.965440
05 - Gisborne,2026-02-23T06:33:29.965440
05 - Gisborne,2026-02-23T06:33:29.965440
05 - Gisborne,2026-02-23T06:33:29.965440
05 - Gisborne,2026-02-23T06:33:29.965440
05 - Gisborne,2026-02-23T06:33:29.965440
06 - Hawkes Bay,2026-02-23T06:33:29.965440
06 - Hawkes Bay,2026-02-23T06:33:29.965440
06 - Hawkes Bay,2026-02-23T06:33:29.965440
06 - Hawkes Bay,2026-02-23T06:33:29.965440
06 - Hawkes Bay,2026-02-23T06:33:29.965440
06 - Hawkes Bay,2026-02-23T06:33:29.965440
06 - Hawkes Bay,2026-02-23T06:33:29.965440
06 - Hawkes Bay,2026-02-23T06:33:29.965440
06 - Hawkes Bay,2026-02-23T06:33:29.965440
06 - Hawkes Bay,2026-02-23T06:33:29.965440
06 - Hawkes Bay,2026-02-23T06:33:29.965440
06 - Hawkes Bay,2026-02-23T06:33:29.965440
06 - Hawkes Bay,2026-02-23T06:33:29.965440
06 - Hawkes Bay,2026-02-23T06:33:29.965440
06 - Hawkes Bay,2026-02-23T06:33:29.965440
06 - Hawkes Bay,2026-02-23T06:33:29.965440
06 - Hawkes Bay,2026-02-23T06:33:29.965440
06 - Hawkes Bay,2026-02-23T06:33:29.965440
06 - Hawkes Bay,2026-02-23T06:33:29.965440
06 - Hawkes Bay,2026-02-23T06:33:29.965440
06 - Hawkes Bay,2026-02-23T06:33:29.965440
06 - Hawkes Bay,2026-02-23T06:33:29.965440
06 - Hawkes Bay,2026-02-23T06:33:29.965440
06 - Hawkes Bay,2026-02-23T06:33:29.965440
06 - Hawkes Bay,2026-02-23T06:33:29.965440
06 - Hawkes Bay,2026-02-23T06:33:29.965440
06 - Hawkes Bay,2026-02-23T06:33:29.965440
06 - Hawkes Bay,2026-02-23T06:33:29.965440
06 - Hawkes Bay,2026-02-23T06:33:29.965440
06 - Hawkes Bay,2026-02-23T06:33:29.965440
06 - Hawkes Bay,2026-02-23T06:33:29.965440
06 - Hawkes Bay,2026-02-23T06:33:29.965440
06 - Hawkes Bay,2026-02-23T06:33:29.965440
06 - Hawkes Bay,2026-02-23T06:33:29.965440
06 - Hawkes Bay,2026-02-23T06:33:29.965440
06 - Hawkes Bay,2026-02-23T06:33:29.965440
06 - Hawkes Bay,2026-02-23T06:33:29.965440
06 - Hawkes Bay,2026-02-23T06:33:29.965440
06 - Hawkes Bay,2026-02-23T06:33:29.965440
06 - Hawkes Bay,2026-02-23T06:33:29.965440
06 - Hawkes Bay,2026-02-23T06:33:29.965440
06 - Hawkes Bay,2026-02-23T06:33:29.965440
06 - Hawkes Bay,2026-02-23T06:33:29.965440
06 - Hawkes Bay,2026-02-23T06:33:29.965440
06 - Hawkes Bay,2026-02-23T06:33:29.965440
06 - Hawkes Bay,2026-02-23T06:33:29.965440
06 - Hawkes Bay,2026-02-23T06:33:29.965440
06 - Hawkes Bay,2026-02-23T06:33:29.965440
06 - Hawkes Bay,2026-02-23T06:33:29.965440
06 - Hawkes Bay,2026-02-23T06:33:29.965440
06 - Hawkes Bay,2026-02-23T06:33:29.965440
06 - Hawkes Bay,2026-02-23T06:33:29.965440
06 - Hawkes Bay,2026-02-23T06:33:29.965440
06 - Hawkes Bay,2026-02-23T06:33:29.965440
06 - Hawkes Bay,2026-02-23T06:33:29.965440
06 - Hawkes Bay,2026-02-23T06:33:29.965440
06 - Hawkes Bay,2026-02-23T06:33:29.965440
06 - Hawkes Bay,2026-02-23T06:33:29.965440
06 - Hawkes Bay,2026-02-23T06:33:29.965440
06 - Hawkes Bay,2026-02-23T06:33:29.965440
06 - Hawkes Bay,2026-02-23T06:33:29.965440
06 - Hawkes Bay,2026-02-23T06:33:29.965440
06 - Hawkes Bay,2026-02-23T06:33:29.965440
06 - Hawkes Bay,2026-02-23T06:33:29.965440
06 - Hawkes Bay,2026-02-23T06:33:29.965440
06 - Hawkes Bay,2026-02-23T06:33:29.965440
06 - Hawkes Bay,2026-02-23T06:33:29.965440
06 - Hawkes Bay,2026-02-23T06:33:29.965440
06 - Hawkes Bay,2026-02-23T06:33:29.965440
06 - Hawkes Bay,2026-02-23T06:33:29.965440
06 - Hawkes Bay,2026-02-23T06:33:29.965440
06 - Hawkes Bay,2026-02-23T06:33:29.965440
06 - Hawkes Bay,2026-02-23T06:33:29.965440
06 - Hawkes Bay,2026-02-23T06:33:29.965440
06 - Hawkes Bay,2026-02-23T06:33:29.965440
07 - Taranaki,2026-02-23T06:33:29.965440
07 - Taranaki,2026-02-23T06:33:29.965440
07 - Taranaki,2026-02-23T06:33:29.965440
07 - Taranaki,2026-02-23T06:33:29.965440
07 - Taranaki,2026-02-23T06:33:29.965440
07 - Taranaki,2026-02-23T06:33:29.965440
07 - Taranaki,2026-02-23T06:33:29.965440
07 - Taranaki,2026-02-23T06:33:29.965440
07 - Taranaki,2026-02-23T06:33:29.965440
07 - Taranaki,2026-02-23T06:33:29.965440
07 - Taranaki,2026-02-23T06:33:29.965440
07 - Taranaki,2026-02-23T06:33:29.965440
07 - Taranaki,2026-02-23T06:33:29.965440
07 - Taranaki,2026-02-23T06:33:29.965440
07 - Taranaki,2026-02-23T06:33:29.965440
07 - Taranaki,2026-02-23T06:33:29.965440
07 - Taranaki,2026-02-23T06:33:29.965440
07 - Taranaki,2026-02-23T06:33:29.965440
07 - Taranaki,2026-02-23T06:33:29.965440
07 - Taranaki,2026-02-23T06:33:29.965440
07 - Taranaki,2026-02-23T06:33:29.965440
07 - Taranaki,2026-02-23T06:33:29.965440
07 - Taranaki,2026-02-23T06:33:29.965440
07 - Taranaki,2026-02-23T06:33:29.965440
07 - Taranaki,2026-02-23T06:33:29.965440
07 - Taranaki,2026-02-23T06:33:29.965440
07 - Taranaki,2026-02-23T06:33:29.965440
07 - Taranaki,2026-02-23T06:33:29.965440
07 - Taranaki,2026-02-23T06:33:29.965440
07 - Taranaki,2026-02-23T06:33:29.965440
07 - Taranaki,2026-02-23T06:33:29.965440
07 - Taranaki,2026-02-23T06:33:29.965440
07 - Taranaki,2026-02-23T06:33:29.965440
07 - Taranaki,2026-02-23T06:33:29.965440
07 - Taranaki,2026-02-23T06:33:29.965440
07 - Taranaki,2026-02-23T06:33:29.965440
07 - Taranaki,2026-02-23T06:33:29.965440
07 - Taranaki,2026-02-23T06:33:29.965440
07 - Taranaki,2026-02-23T06:33:29.965440
07 - Taranaki,2026-02-23T06:33:29.965440
07 - Taranaki,2026-02-23T06:33:29.965440
07 - Taranaki,2026-02-23T06:33:29.965440
07 - Taranaki,2026-02-23T06:33:29.965440
07 - Taranaki,2026-02-23T06:33:29.965440
07 - Taranaki,2026-02-23T06:33:29.965440
07 - Taranaki,2026-02-23T06:33:29.965440
07 - Taranaki,2026-02-23T06:33:29.965440
07 - Taranaki,2026-02-23T06:33:29.965440
07 - Taranaki,2026-02-23T06:33:29.965440
07 - Taranaki,2026-02-23T06:33:29.965440
07 - Taranaki,2026-02-23T06:33:29.965440
07 - Taranaki,2026-02-23T06:33:29.965440
07 - Taranaki,2026-02-23T06:33:29.965440
07 - Taranaki,2026-02-23T06:33:29.965440
07 - Taranaki,2026-02-23T06:33:29.965440
07 - Taranaki,2026-02-23T06:33:29.965440
08 - Manawatu-Wanganui,2026-02-23T06:33:29.965440
08 - Manawatu-Wanganui,2026-02-23T06:33:29.965440
08 - Manawatu-Wanganui,2026-02-23T06:33:29.965440
08 - Manawatu-Wanganui,2026-02-23T06:33:29.965440
08 - Manawatu-Wanganui,2026-02-23T06:33:29.965440
08 - Manawatu-Wanganui,2026-02-23T06:33:29.965440
08 - Manawatu-Wanganui,2026-02-23T06:33:29.965440
08 - Manawatu-Wanganui,2026-02-23T06:33:29.965440
08 - Manawatu-Wanganui,2026-02-23T06:33:29.965440
08 - Manawatu-Wanganui,2026-02-23T06:33:29.965440
08 - Manawatu-Wanganui,2026-02-23T06:33:29.965440
08 - Manawatu-Wanganui,2026-02-23T06:33:29.965440
08 - Manawatu-Wanganui,2026-02-23T06:33:29.965440
08 - Manawatu-Wanganui,2026-02-23T06:33:29.965440
08 - Manawatu-Wanganui,2026-02-23T06:33:29.965440
08 - Manawatu-Wanganui,2026-02-23T06:33:29.965440
08 - Manawatu-Wanganui,2026-02-23T06:33:29.965440
08 - Manawatu-Wanganui,2026-02-23T06:33:29.965440
08 - Manawatu-Wanganui,2026-02-23T06:33:29.965440
08 - Manawatu-Wanganui,2026-02-23T06:33:29.965440
08 - Manawatu-Wanganui,2026-02-23T06:33:29.965440
08 - Manawatu-Wanganui,2026-02-23T06:33:29.965440
08 - Manawatu-Wanganui,2026-02-23T06:33:29.965440
08 - Manawatu-Wanganui,2026-02-23T06:33:29.965440
08 - Manawatu-Wanganui,2026-02-23T06:33:29.965440
08 - Manawatu-Wanganui,2026-02-23T06:33:29.965440
08 - Manawatu-Wanganui,2026-02-23T06:33:29.965440
08 - Manawatu-Wanganui,2026-02-23T06:33:29.965440
08 - Manawatu-Wanganui,2026-02-23T06:33:29.965440
08 - Manawatu-Wanganui,2026-02-23T06:33:29.965440
08 - Manawatu-Wanganui,2026-02-23T06:33:29.965440
08 - Manawatu-Wanganui,2026-02-23T06:33:29.965440
08 - Manawatu-Wanganui,2026-02-23T06:33:29.965440
08 - Manawatu-Wanganui,2026-02-23T06:33:29.965440
08 - Manawatu-Wanganui,2026-02-23T06:33:29.965440
08 - Manawatu-Wanganui,2026-02-23T06:33:29.965440
08 - Manawatu-Wanganui,2026-02-23T06:33:29.965440
08 - Manawatu-Wanganui,2026-02-23T06:33:29.965440
08 - Manawatu-Wanganui,2026-02-23T06:33:29.965440
08 - Manawatu-Wanganui,2026-02-23T06:33:29.965440
08 - Manawatu-Wanganui,2026-02-23T06:33:29.965440
08 - Manawatu-Wanganui,2026-02-23T06:33:29.965440
08 - Manawatu-Wanganui,2026-02-23T06:33:29.965440
08 - Manawatu-Wanganui,2026-02-23T06:33:29.965440
08 - Manawatu-Wanganui,2026-02-23T06:33:29.965440
08 - Manawatu-Wanganui,2026-02-23T06:33:29.965440
08 - Manawatu-Wanganui,2026-02-23T06:33:29.965440
08 - Manawatu-Wanganui,2026-02-23T06:33:29.965440
08 - Manawatu-Wanganui,2026-02-23T06:33:29.965440
08 - Manawatu-Wanganui,2026-02-23T06:33:29.965440
08 - Manawatu-Wanganui,2026-02-23T06:33:29.965440
08 - Manawatu-Wanganui,2026-02-23T06:33:29.965440
08 - Manawatu-Wanganui,2026-02-23T06:33:29.965440
08 - Manawatu-Wanganui,2026-02-23T06:33:29.965440
08 - Manawatu-Wanganui,2026-02-23T06:33:29.965440
08 - Manawatu-Wanganui,2026-02-23T06:33:29.965440
08 - Manawatu-Wanganui,2026-02-23T06:33:29.965440
08 - Manawatu-Wanganui,2026-02-23T06:33:29.965440
08 - Manawatu-Wanganui,2026-02-23T06:33:29.965440
08 - Manawatu-Wanganui,2026-02-23T06:33:29.965440
08 - Manawatu-Wanganui,2026-02-23T06:33:29.965440
08 - Manawatu-Wanganui,2026-02-23T06:33:29.965440
08 - Manawatu-Wanganui,2026-02-23T06:33:29.965440
08 - Manawatu-Wanganui,2026-02-23T06:33:29.965440
08 - Manawatu-Wanganui,2026-02-23T06:33:29.965440
08 - Manawatu-Wanganui,2026-02-23T06:33:29.965440
08 - Manawatu-Wanganui,2026-02-23T06:33:29.965440
08 - Manawatu-Wanganui,2026-02-23T06:33:29.965440
08 - Manawatu-Wanganui,2026-02-23T06:33:29.965440
08 - Manawatu-Wanganui,2026-02-23T06:33:29.965440
08 - Manawatu-Wanganui,2026-02-23T06:33:29.965440
08 - Manawatu-Wanganui,2026-02-23T06:33:29.965440
08 - Manawatu-Wanganui,2026-02-23T06:33:29.965440
08 - Manawatu-Wanganui,2026-02-23T06:33:29.965440
08 - Manawatu-Wanganui,2026-02-23T06:33:29.965440
08 - Manawatu-Wanganui,2026-02-23T06:33:29.965440
08 - Manawatu-Wanganui,2026-02-23T06:33:29.965440
08 - Manawatu-Wanganui,2026-02-23T06:33:29.965440
08 - Manawatu-Wanganui,2026-02-23T06:33:29.965440
08 - Manawatu-Wanganui,2026-02-23T06:33:29.965440
08 - Manawatu-Wanganui,2026-02-23T06:33:29.965440
08 - Manawatu-Wanganui,2026-02-23T06:33:29.965440
08 - Manawatu-Wanganui,2026-02-23T06:33:29.965440
08 - Manawatu-Wanganui,2026-02-23T06:33:29.965440
08 - Manawatu-Wanganui,2026-02-23T06:33:29.965440
08 - Manawatu-Wanganui,2026-02-23T06:33:29.965440
08 - Manawatu-Wanganui,2026-02-23T06:33:29.965440
08 - Manawatu-Wanganui,2026-02-23T06:33:29.965440
08 - Manawatu-Wanganui,2026-02-23T06:33:29.965440
08 - Manawatu-Wanganui,2026-02-23T06:33:29.965440
08 - Manawatu-Wanganui,2026-02-23T06:33:29.965440
08 - Manawatu-Wanganui,2026-02-23T06:33:29.965440
08 - Manawatu-Wanganui,2026-02-23T06:33:29.965440
08 - Manawatu-Wanganui,2026-02-23T06:33:29.965440
08 - Manawatu-Wanganui,2026-02-23T06:33:29.965440
08 - Manawatu-Wanganui,2026-02-23T06:33:29.965440
08 - Manawatu-Wanganui,2026-02-23T06:33:29.965440
08 - Manawatu-Wanganui,2026-02-23T06:33:29.965440
08 - Manawatu-Wanganui,2026-02-23T06:33:29.965440
08 - Manawatu-Wanganui,2026-02-23T06:33:29.965440
08 - Manawatu-Wanganui,2026-02-23T06:33:29.965440
08 - Manawatu-Wanganui,2026-02-23T06:33:29.965440
08 - Manawatu-Wanganui,2026-02-23T06:33:29.965440
08 - Manawatu-Wanganui,2026-02-23T06:33:29.965440
08 - Manawatu-Wanganui,2026-02-23T06:33:29.965440
08 - Manawatu-Wanganui,2026-02-23T06:33:29.965440
08 - Manawatu-Wanganui,2026-02-23T06:33:29.965440
08 - Manawatu-Wanganui,2026-02-23T06:33:29.965440
08 - Manawatu-Wanganui,2026-02-23T06:33:29.965440
08 - Manawatu-Wanganui,2026-02-23T06:33:29.965440
08 - Manawatu-Wanganui,2026-02-23T06:33:29.965440
08 - Manawatu-Wanganui,2026-02-23T06:33:29.965440
08 - Manawatu-Wanganui,2026-02-23T06:33:29.965440
08 - Manawatu-Wanganui,2026-02-23T06:33:29.965440
08 - Manawatu-Wanganui,2026-02-23T06:33:29.965440
09 - Wellington,2026-02-23T06:33:29.965440
09 - Wellington,2026-02-23T06:33:29.965440
09 - Wellington,2026-02-23T06:33:29.965440
09 - Wellington,2026-02-23T06:33:29.965440
09 - Wellington,2026-02-23T06:33:29.965440
09 - Wellington,2026-02-23T06:33:29.965440
09 - Wellington,2026-02-23T06:33:29.965440
09 - Wellington,2026-02-23T06:33:29.965440
09 - Wellington,2026-02-23T06:33:29.965440
09 - Wellington,2026-02-23T06:33:29.965440
09 - Wellington,2026-02-23T06:33:29.965440
09 - Wellington,2026-02-23T06:33:29.965440
09 - Wellington,2026-02-23T06:33:29.965440
09 - Wellington,2026-02-23T06:33:29.965440
09 - Wellington,2026-02-23T06:33:29.965440
09 - Wellington,2026-02-23T06:33:29.965440
09 - Wellington,2026-02-23T06:33:29.965440
09 - Wellington,2026-02-23T06:33:29.965440
09 - Wellington,2026-02-23T06:33:29.965440
09 - Wellington,2026-02-23T06:33:29.965440
09 - Wellington,2026-02-23T06:33:29.965440
09 - Wellington,2026-02-23T06:33:29.965440
09 - Wellington,2026-02-23T06:33:29.965440
09 - Wellington,2026-02-23T06:33:29.965440
09 - Wellington,2026-02-23T06:33:29.965440
09 - Wellington,2026-02-23T06:33:29.965440
09 - Wellington,2026-02-23T06:33:29.965440
09 - Wellington,2026-02-23T06:33:29.965440
09 - Wellington,2026-02-23T06:33:29.965440
09 - Wellington,2026-02-23T06:33:29.965440
09 - Wellington,2026-02-23T06:33:29.965440
09 - Wellington,2026-02-23T06:33:29.965440
09 - Wellington,2026-02-23T06:33:29.965440
09 - Wellington,2026-02-23T06:33:29.965440
09 - Wellington,2026-02-23T06:33:29.965440
09 - Wellington,2026-02-23T06:33:29.965440
09 - Wellington,2026-02-23T06:33:29.965440
09 - Wellington,2026-02-23T06:33:29.965440
09 - Wellington,2026-02-23T06:33:29.965440
09 - Wellington,2026-02-23T06:33:29.965440
09 - Wellington,2026-02-23T06:33:29.965440
09 - Wellington,2026-02-23T06:33:29.965440
09 - Wellington,2026-02-23T06:33:29.965440
09 - Wellington,2026-02-23T06:33:29.965440
09 - Wellington,2026-02-23T06:33:29.965440
09 - Wellington,2026-02-23T06:33:29.965440
09 - Wellington,2026-02-23T06:33:29.965440
09 - Wellington,2026-02-23T06:33:29.965440
09 - Wellington,2026-02-23T06:33:29.965440
09 - Wellington,2026-02-23T06:33:29.965440
09 - Wellington,2026-02-23T06:33:29.965440
09 - Wellington,2026-02-23T06:33:29.965440
09 - Wellington,2026-02-23T06:33:29.965440
09 - Wellington,2026-02-23T06:33:29.965440
09 - Wellington,2026-02-23T06:33:29.965440
09 - Wellington,2026-02-23T06:33:29.965440
09 - Wellington,2026-02-23T06:33:29.965440
09 - Wellington,2026-02-23T06:33:29.965440
09 - Wellington,2026-02-23T06:33:29.965440
09 - Wellington,2026-02-23T06:33:29.965440
09 - Wellington,2026-02-23T06:33:29.965440
09 - Wellington,2026-02-23T06:33:29.965440
09 - Wellington,2026-02-23T06:33:29.965440
09 - Wellington,2026-02-23T06:33:29.965440
09 - Wellington,2026-02-23T06:33:29.965440
09 - Wellington,2026-02-23T06:33:29.965440
09 - Wellington,2026-02-23T06:33:29.965440
09 - Wellington,2026-02-23T06:33:29.965440
09 - Wellington,2026-02-23T06:33:29.965440
09 - Wellington,2026-02-23T06:33:29.965440
09 - Wellington,2026-02-23T06:33:29.965440
09 - Wellington,2026-02-23T06:33:29.965440
09 - Wellington,2026-02-23T06:33:29.965440
09 - Wellington,2026-02-23T06:33:29.965440
09 - Wellington,2026-02-23T06:33:29.965440
09 - Wellington,2026-02-23T06:33:29.965440
09 - Wellington,2026-02-23T06:33:29.965440
09 - Wellington,2026-02-23T06:33:29.965440
09 - Wellington,2026-02-23T06:33:29.965440
09 - Wellington,2026-02-23T06:33:29.965440
09 - Wellington,2026-02-23T06:33:29.965440
09 - Wellington,2026-02-23T06:33:29.965440
09 - Wellington,2026-02-23T06:33:29.965440
09 - Wellington,2026-02-23T06:33:29.965440
09 - Wellington,2026-02-23T06:33:29.965440
09 - Wellington,2026-02-23T06:33:29.965440
09 - Wellington,2026-02-23T06:33:29.965440
09 - Wellington,2026-02-23T06:33:29.965440
09 - Wellington,2026-02-23T06:33:29.965440
09 - Wellington,2026-02-23T06:33:29.965440
09 - Wellington,2026-02-23T06:33:29.965440
09 - Wellington,2026-02-23T06:33:29.965440
09 - Wellington,2026-02-23T06:33:29.965440
09 - Wellington,2026-02-23T06:33:29.965440
09 - Wellington,2026-02-23T06:33:29.965440
09 - Wellington,2026-02-23T06:33:29.965440
09 - Wellington,2026-02-23T06:33:29.965440
09 - Wellington,2026-02-23T06:33:29.965440
09 - Wellington,2026-02-23T06:33:29.965440
09 - Wellington,2026-02-23T06:33:29.965440
09 - Wellington,2026-02-23T06:33:29.965440
09 - Wellington,2026-02-23T06:33:29.965440
09 - Wellington,2026-02-23T06:33:29.965440
09 - Wellington,2026-02-23T06:33:29.965440
09 - Wellington,2026-02-23T06:33:29.965440
09 - Wellington,2026-02-23T06:33:29.965440
09 - Wellington,2026-02-23T06:33:29.965440
09 - Wellington,2026-02-23T06:33:29.965440
09 - Wellington,2026-02-23T06:33:29.965440
09 - Wellington,2026-02-23T06:33:29.965440
09 - Wellington,2026-02-23T06:33:29.965440
09 - Wellington,2026-02-23T06:33:29.965440
09 - Wellington,2026-02-23T06:33:29.965440
09 - Wellington,2026-02-23T06:33:29.965440
09 - Wellington,2026-02-23T06:33:29.965440
09 - Wellington,2026-02-23T06:33:29.965440
09 - Wellington,2026-02-23T06:33:29.965440
09 - Wellington,2026-02-23T06:33:29.965440
09 - Wellington,2026-02-23T06:33:29.965440
09 - Wellington,2026-02-23T06:33:29.965440
09 - Wellington,2026-02-23T06:33:29.965440
09 - Wellington,2026-02-23T06:33:29.965440
09 - Wellington,2026-02-23T06:33:29.965440
09 - Wellington,2026-02-23T06:33:29.965440
09 - Wellington,2026-02-23T06:33:29.965440
09 - Wellington,2026-02-23T06:33:29.965440
09 - Wellington,2026-02-23T06:33:29.965440
09 - Wellington,2026-02-23T06:33:29.965440
09 - Wellington,2026-02-23T06:33:29.965440
09 - Wellington,2026-02-23T06:33:29.965440
09 - Wellington,2026-02-23T06:33:29.965440
09 - Wellington,2026-02-23T06:33:29.965440
09 - Wellington,2026-02-23T06:33:29.965440
09 - Wellington,2026-02-23T06:33:29.965440
09 - Wellington,2026-02-23T06:33:29.965440
09 - Wellington,2026-02-23T06:33:29.965440
09 - Wellington,2026-02-23T06:33:29.965440
09 - Wellington,2026-02-23T06:33:29.965440
09 - Wellington,2026-02-23T06:33:29.965440
09 - Wellington,2026-02-23T06:33:29.965440
09 - Wellington,2026-02-23T06:33:29.965440
09 - Wellington,2026-02-23T06:33:29.965440
09 - Wellington,2026-02-23T06:33:29.965440
09 - Wellington,2026-02-23T06:33:29.965440
09 - Wellington,2026-02-23T06:33:29.965440
09 - Wellington,2026-02-23T06:33:29.965440
09 - Wellington,2026-02-23T06:33:29.965440
09 - Wellington,2026-02-23T06:33:29.965440
09 - Wellington,2026-02-23T06:33:29.965440
09 - Wellington,2026-02-23T06:33:29.965440
09 - Wellington,2026-02-23T06:33:29.965440
09 - Wellington,2026-02-23T06:33:29.965440
09 - Wellington,2026-02-23T06:33:29.965440
09 - Wellington,2026-02-23T06:33:29.965440
09 - Wellington,2026-02-23T06:33:29.965440
09 - Wellington,2026-02-23T06:33:29.965440
09 - Wellington,2026-02-23T06:33:29.965440
09 - Wellington,2026-02-23T06:33:29.965440
09 - Wellington,2026-02-23T06:33:29.965440
09 - Wellington,2026-02-23T06:33:29.965440
09 - Wellington,2026-02-23T06:33:29.965440
09 - Wellington,2026-02-23T06:33:29.965440
09 - Wellington,2026-02-23T06:33:29.965440
09 - Wellington,2026-02-23T06:33:29.965440
09 - Wellington,2026-02-23T06:33:29.965440
09 - Wellington,2026-02-23T06:33:29.965440
09 - Wellington,2026-02-23T06:33:29.965440
09 - Wellington,2026-02-23T06:33:29.965440
09 - Wellington,2026-02-23T06:33:29.965440
09 - Wellington,2026-02-23T06:33:29.965440
09 - Wellington,2026-02-23T06:33:29.965440
09 - Wellington,2026-02-23T06:33:29.965440
09 - Wellington,2026-02-23T06:33:29.965440
09 - Wellington,2026-02-23T06:33:29.965440
09 - Wellington,2026-02-23T06:33:29.965440
09 - Wellington,2026-02-23T06:33:29.965440
09 - Wellington,2026-02-23T06:33:29.965440
09 - Wellington,2026-02-23T06:33:29.965440
09 - Wellington,2026-02-23T06:33:29.965440
09 - Wellington,2026-02-23T06:33:29.965440
09 - Wellington,2026-02-23T06:33:29.965440
09 - Wellington,2026-02-23T06:33:29.965440
09 - Wellington,2026-02-23T06:33:29.965440
09 - Wellington,2026-02-23T06:33:29.965440
09 - Wellington,2026-02-23T06:33:29.965440
09 - Wellington,2026-02-23T06:33:29.965440
09 - Wellington,2026-02-23T06:33:29.965440
09 - Wellington,2026-02-23T06:33:29.965440
09 - Wellington,2026-02-23T06:33:29.965440
09 - Wellington,2026-02-23T06:33:29.965440
09 - Wellington,2026-02-23T06:33:29.965440
09 - Wellington,2026-02-23T06:33:29.965440
09 - Wellington,2026-02-23T06:33:29.965440
09 - Wellington,2026-02-23T06:33:29.965440
09 - Wellington,2026-02-23T06:33:29.965440
09 - Wellington,2026-02-23T06:33:29.965440
09 - Wellington,2026-02-23T06:33:29.965440
09 - Wellington,2026-02-23T06:33:29.965440
09 - Wellington,2026-02-23T06:33:29.965440
09 - Wellington,2026-02-23T06:33:29.965440
09 - Wellington,2026-02-23T06:33:29.965440
09 - Wellington,2026-02-23T06:33:29.965440
09 - Wellington,2026-02-23T06:33:29.965440
09 - Wellington,2026-02-23T06:33:29.965440
09 - Wellington,2026-02-23T06:33:29.965440
09 - Wellington,2026-02-23T06:33:29.965440
09 - Wellington,2026-02-23T06:33:29.965440
09 - Wellington,2026-02-23T06:33:29.965440
09 - Wellington,2026-02-23T06:33:29.965440
09 - Wellington,2026-02-23T06:33:29.965440
09 - Wellington,2026-02-23T06:33:29.965440
09 - Wellington,2026-02-23T06:33:29.965440
09 - Wellington,2026-02-23T06:33:29.965440
09 - Wellington,2026-02-23T06:33:29.965440
09 - Wellington,2026-02-23T06:33:29.965440
09 - Wellington,2026-02-23T06:33:29.965440
09 - Wellington,2026-02-23T06:33:29.965440
09 - Wellington,2026-02-23T06:33:29.965440
09 - Wellington,2026-02-23T06:33:29.965440
09 - Wellington,2026-02-23T06:33:29.965440
09 - Wellington,2026-02-23T06:33:29.965440
09 - Wellington,2026-02-23T06:33:29.965440
09 - Wellington,2026-02-23T06:33:29.965440
09 - Wellington,2026-02-23T06:33:29.965440
10 - Nelson/Marlborough,2026-02-23T06:33:29.965440
10 - Nelson/Marlborough,2026-02-23T06:33:29.965440
10 - Nelson/Marlborough,2026-02-23T06:33:29.965440
10 - Nelson/Marlborough,2026-02-23T06:33:29.965440
10 - Nelson/Marlborough,2026-02-23T06:33:29.965440
10 - Nelson/Marlborough,2026-02-23T06:33:29.965440
10 - Nelson/Marlborough,2026-02-23T06:33:29.965440
10 - Nelson/Marlborough,2026-02-23T06:33:29.965440
10 - Nelson/Marlborough,2026-02-23T06:33:29.965440
10 - Nelson/Marlborough,2026-02-23T06:33:29.965440
10 - Nelson/Marlborough,2026-02-23T06:33:29.965440
10 - Nelson/Marlborough,2026-02-23T06:33:29.965440
10 - Nelson/Marlborough,2026-02-23T06:33:29.965440
10 - Nelson/Marlborough,2026-02-23T06:33:29.965440
10 - Nelson/Marlborough,2026-02-23T06:33:29.965440
10 - Nelson/Marlborough,2026-02-23T06:33:29.965440
10 - Nelson/Marlborough,2026-02-23T06:33:29.965440
10 - Nelson/Marlborough,2026-02-23T06:33:29.965440
10 - Nelson/Marlborough,2026-02-23T06:33:29.965440
10 - Nelson/Marlborough,2026-02-23T06:33:29.965440
10 - Nelson/Marlborough,2026-02-23T06:33:29.965440
10 - Nelson/Marlborough,2026-02-23T06:33:29.965440
10 - Nelson/Marlborough,2026-02-23T06:33:29.965440
10 - Nelson/Marlborough,2026-02-23T06:33:29.965440
10 - Nelson/Marlborough,2026-02-23T06:33:29.965440
10 - Nelson/Marlborough,2026-02-23T06:33:29.965440
10 - Nelson/Marlborough,2026-02-23T06:33:29.965440
10 - Nelson/Marlborough,2026-02-23T06:33:29.965440
10 - Nelson/Marlborough,2026-02-23T06:33:29.965440
10 - Nelson/Marlborough,2026-02-23T06:33:29.965440
10 - Nelson/Marlborough,2026-02-23T06:33:29.965440
10 - Nelson/Marlborough,2026-02-23T06:33:29.965440
10 - Nelson/Marlborough,2026-02-23T06:33:29.965440
10 - Nelson/Marlborough,2026-02-23T06:33:29.965440
10 - Nelson/Marlborough,2026-02-23T06:33:29.965440
10 - Nelson/Marlborough,2026-02-23T06:33:29.965440
10 - Nelson/Marlborough,2026-02-23T06:33:29.965440
10 - Nelson/Marlborough,2026-02-23T06:33:29.965440
10 - Nelson/Marlborough,2026-02-23T06:33:29.965440
10 - Nelson/Marlborough,2026-02-23T06:33:29.965440
10 - Nelson/Marlborough,2026-02-23T06:33:29.965440
10 - Nelson/Marlborough,2026-02-23T06:33:29.965440
10 - Nelson/Marlborough,2026-02-23T06:33:29.965440
10 - Nelson/Marlborough,2026-02-23T06:33:29.965440
10 - Nelson/Marlborough,2026-02-23T06:33:29.965440
10 - Nelson/Marlborough,2026-02-23T06:33:29.965440
10 - Nelson/Marlborough,2026-02-23T06:33:29.965440
10 - Nelson/Marlborough,2026-02-23T06:33:29.965440
10 - Nelson/Marlborough,2026-02-23T06:33:29.965440
11 - Canterbury,2026-02-23T06:33:29.965440
11 - Canterbury,2026-02-23T06:33:29.965440
11 - Canterbury,2026-02-23T06:33:29.965440
11 - Canterbury,2026-02-23T06:33:29.965440
11 - Canterbury,2026-02-23T06:33:29.965440
11 - Canterbury,2026-02-23T06:33:29.965440
11 - Canterbury,2026-02-23T06:33:29.965440
11 - Canterbury,2026-02-23T06:33:29.965440
11 - Canterbury,2026-02-23T06:33:29.965440
11 - Canterbury,2026-02-23T06:33:29.965440
11 - Canterbury,2026-02-23T06:33:29.965440
11 - Canterbury,2026-02-23T06:33:29.965440
11 - Canterbury,2026-02-23T06:33:29.965440
11 - Canterbury,2026-02-23T06:33:29.965440
11 - Canterbury,2026-02-23T06:33:29.965440
11 - Canterbury,2026-02-23T06:33:29.965440
11 - Canterbury,2026-02-23T06:33:29.965440
11 - Canterbury,2026-02-23T06:33:29.965440
11 - Canterbury,2026-02-23T06:33:29.965440
11 - Canterbury,2026-02-23T06:33:29.965440
11 - Canterbury,2026-02-23T06:33:29.965440
11 - Canterbury,2026-02-23T06:33:29.965440
11 - Canterbury,2026-02-23T06:33:29.965440
11 - Canterbury,2026-02-23T06:33:29.965440
11 - Canterbury,2026-02-23T06:33:29.965440
11 - Canterbury,2026-02-23T06:33:29.965440
11 - Canterbury,2026-02-23T06:33:29.965440
11 - Canterbury,2026-02-23T06:33:29.965440
11 - Canterbury,2026-02-23T06:33:29.965440
11 - Canterbury,2026-02-23T06:33:29.965440
11 - Canterbury,2026-02-23T06:33:29.965440
11 - Canterbury,2026-02-23T06:33:29.965440
11 - Canterbury,2026-02-23T06:33:29.965440
11 - Canterbury,2026-02-23T06:33:29.965440
11 - Canterbury,2026-02-23T06:33:29.965440
11 - Canterbury,2026-02-23T06:33:29.965440
11 - Canterbury,2026-02-23T06:33:29.965440
11 - Canterbury,2026-02-23T06:33:29.965440
11 - Canterbury,2026-02-23T06:33:29.965440
11 - Canterbury,2026-02-23T06:33:29.965440
11 - Canterbury,2026-02-23T06:33:29.965440
11 - Canterbury,2026-02-23T06:33:29.965440
11 - Canterbury,2026-02-23T06:33:29.965440
11 - Canterbury,2026-02-23T06:33:29.965440
11 - Canterbury,2026-02-23T06:33:29.965440
11 - Canterbury,2026-02-23T06:33:29.965440
11 - Canterbury,2026-02-23T06:33:29.965440
11 - Canterbury,2026-02-23T06:33:29.965440
11 - Canterbury,2026-02-23T06:33:29.965440
11 - Canterbury,2026-02-23T06:33:29.965440
11 - Canterbury,2026-02-23T06:33:29.965440
11 - Canterbury,2026-02-23T06:33:29.965440
11 - Canterbury,2026-02-23T06:33:29.965440
11 - Canterbury,2026-02-23T06:33:29.965440
11 - Canterbury,2026-02-23T06:33:29.965440
11 - Canterbury,2026-02-23T06:33:29.965440
11 - Canterbury,2026-02-23T06:33:29.965440
11 - Canterbury,2026-02-23T06:33:29.965440
11 - Canterbury,2026-02-23T06:33:29.965440
11 - Canterbury,2026-02-23T06:33:29.965440
11 - Canterbury,2026-02-23T06:33:29.965440
11 - Canterbury,2026-02-23T06:33:29.965440
11 - Canterbury,2026-02-23T06:33:29.965440
11 - Canterbury,2026-02-23T06:33:29.965440
11 - Canterbury,2026-02-23T06:33:29.965440
11 - Canterbury,2026-02-23T06:33:29.965440
11 - Canterbury,2026-02-23T06:33:29.965440
11 - Canterbury,2026-02-23T06:33:29.965440
11 - Canterbury,2026-02-23T06:33:29.965440
11 - Canterbury,2026-02-23T06:33:29.965440
11 - Canterbury,2026-02-23T06:33:29.965440
11 - Canterbury,2026-02-23T06:33:29.965440
11 - Canterbury,2026-02-23T06:33:29.965440
11 - Canterbury,2026-02-23T06:33:29.965440
11 - Canterbury,2026-02-23T06:33:29.965440
11 - Canterbury,2026-02-23T06:33:29.965440
11 - Canterbury,2026-02-23T06:33:29.965440
11 - Canterbury,2026-02-23T06:33:29.965440
11 - Canterbury,2026-02-23T06:33:29.965440
11 - Canterbury,2026-02-23T06:33:29.965440
11 - Canterbury,2026-02-23T06:33:29.965440
11 - Canterbury,2026-02-23T06:33:29.965440
11 - Canterbury,2026-02-23T06:33:29.965440
11 - Canterbury,2026-02-23T06:33:29.965440
11 - Canterbury,2026-02-23T06:33:29.965440
11 - Canterbury,2026-02-23T06:33:29.965440
11 - Canterbury,2026-02-23T06:33:29.965440
11 - Canterbury,2026-02-23T06:33:29.965440
11 - Canterbury,2026-02-23T06:33:29.965440
11 - Canterbury,2026-02-23T06:33:29.965440
11 - Canterbury,2026-02-23T06:33:29.965440
11 - Canterbury,2026-02-23T06:33:29.965440
11 - Canterbury,2026-02-23T06:33:29.965440
11 - Canterbury,2026-02-23T06:33:29.965440
11 - Canterbury,2026-02-23T06:33:29.965440
11 - Canterbury,2026-02-23T06:33:29.965440
11 - Canterbury,2026-02-23T06:33:29.965440
11 - Canterbury,2026-02-23T06:33:29.965440
11 - Canterbury,2026-02-23T06:33:29.965440
11 - Canterbury,2026-02-23T06:33:29.965440
11 - Canterbury,2026-02-23T06:33:29.965440
11 - Canterbury,2026-02-23T06:33:29.965440
11 - Canterbury,2026-02-23T06:33:29.965440
11 - Canterbury,2026-02-23T06:33:29.965440
11 - Canterbury,2026-02-23T06:33:29.965440
11 - Canterbury,2026-02-23T06:33:29.965440
11 - Canterbury,2026-02-23T06:33:29.965440
11 - Canterbury,2026-02-23T06:33:29.965440
11 - Canterbury,2026-02-23T06:33:29.965440
11 - Canterbury,2026-02-23T06:33:29.965440
11 - Canterbury,2026-02-23T06:33:29.965440
11 - Canterbury,2026-02-23T06:33:29.965440
11 - Canterbury,2026-02-23T06:33:29.965440
11 - Canterbury,2026-02-23T06:33:29.965440
11 - Canterbury,2026-02-23T06:33:29.965440
11 - Canterbury,2026-02-23T06:33:29.965440
11 - Canterbury,2026-02-23T06:33:29.965440
11 - Canterbury,2026-02-23T06:33:29.965440
11 - Canterbury,2026-02-23T06:33:29.965440
11 - Canterbury,2026-02-23T06:33:29.965440
11 - Canterbury,2026-02-23T06:33:29.965440
11 - Canterbury,2026-02-23T06:33:29.965440
11 - Canterbury,2026-02-23T06:33:29.965440
11 - Canterbury,2026-02-23T06:33:29.965440
11 - Canterbury,2026-02-23T06:33:29.965440
11 - Canterbury,2026-02-23T06:33:29.965440
11 - Canterbury,2026-02-23T06:33:29.965440
11 - Canterbury,2026-02-23T06:33:29.965440
11 - Canterbury,2026-02-23T06:33:29.965440
11 - Canterbury,2026-02-23T06:33:29.965440
11 - Canterbury,2026-02-23T06:33:29.965440
11 - Canterbury,2026-02-23T06:33:29.965440
11 - Canterbury,2026-02-23T06:33:29.965440
11 - Canterbury,2026-02-23T06:33:29.965440
11 - Canterbury,2026-02-23T06:33:29.965440
11 - Canterbury,2026-02-23T06:33:29.965440
11 - Canterbury,2026-02-23T06:33:29.965440
11 - Canterbury,2026-02-23T06:33:29.965440
11 - Canterbury,2026-02-23T06:33:29.965440
11 - Canterbury,2026-02-23T06:33:29.965440
11 - Canterbury,2026-02-23T06:33:29.965440
11 - Canterbury,2026-02-23T06:33:29.965440
11 - Canterbury,2026-02-23T06:33:29.965440
11 - Canterbury,2026-02-23T06:33:29.965440
11 - Canterbury,2026-02-23T06:33:29.965440
11 - Canterbury,2026-02-23T06:33:29.965440
11 - Canterbury,2026-02-23T06:33:29.965440
11 - Canterbury,2026-02-23T06:33:29.965440
11 - Canterbury,2026-02-23T06:33:29.965440
11 - Canterbury,2026-02-23T06:33:29.965440
11 - Canterbury,2026-02-23T06:33:29.965440
11 - Canterbury,2026-02-23T06:33:29.965440
11 - Canterbury,2026-02-23T06:33:29.965440
11 - Canterbury,2026-02-23T06:33:29.965440
11 - Canterbury,2026-02-23T06:33:29.965440
11 - Canterbury,2026-02-23T06:33:29.965440
11 - Canterbury,2026-02-23T06:33:29.965440
11 - Canterbury,2026-02-23T06:33:29.965440
11 - Canterbury,2026-02-23T06:33:29.965440
11 - Canterbury,2026-02-23T06:33:29.965440
11 - Canterbury,2026-02-23T06:33:29.965440
11 - Canterbury,2026-02-23T06:33:29.965440
11 - Canterbury,2026-02-23T06:33:29.965440
11 - Canterbury,2026-02-23T06:33:29.965440
11 - Canterbury,2026-02-23T06:33:29.965440
11 - Canterbury,2026-02-23T06:33:29.965440
11 - Canterbury,2026-02-23T06:33:29.965440
11 - Canterbury,2026-02-23T06:33:29.965440
11 - Canterbury,2026-02-23T06:33:29.965440
11 - Canterbury,2026-02-23T06:33:29.965440
11 - Canterbury,2026-02-23T06:33:29.965440
11 - Canterbury,2026-02-23T06:33:29.965440
11 - Canterbury,2026-02-23T06:33:29.965440
11 - Canterbury,2026-02-23T06:33:29.965440
11 - Canterbury,2026-02-23T06:33:29.965440
11 - Canterbury,2026-02-23T06:33:29.965440
11 - Canterbury,2026-02-23T06:33:29.965440
11 - Canterbury,2026-02-23T06:33:29.965440
11 - Canterbury,2026-02-23T06:33:29.965440
11 - Canterbury,2026-02-23T06:33:29.965440
11 - Canterbury,2026-02-23T06:33:29.965440
11 - Canterbury,2026-02-23T06:33:29.965440
11 - Canterbury,2026-02-23T06:33:29.965440
11 - Canterbury,2026-02-23T06:33:29.965440
11 - Canterbury,2026-02-23T06:33:29.965440
11 - Canterbury,2026-02-23T06:33:29.965440
11 - Canterbury,2026-02-23T06:33:29.965440
11 - Canterbury,2026-02-23T06:33:29.965440
11 - Canterbury,2026-02-23T06:33:29.965440
11 - Canterbury,2026-02-23T06:33:29.965440
11 - Canterbury,2026-02-23T06:33:29.965440
11 - Canterbury,2026-02-23T06:33:29.965440
11 - Canterbury,2026-02-23T06:33:29.965440
11 - Canterbury,2026-02-23T06:33:29.965440
11 - Canterbury,2026-02-23T06:33:29.965440
11 - Canterbury,2026-02-23T06:33:29.965440
11 - Canterbury,2026-02-23T06:33:29.965440
11 - Canterbury,2026-02-23T06:33:29.965440
11 - Canterbury,2026-02-23T06:33:29.965440
11 - Canterbury,2026-02-23T06:33:29.965440
11 - Canterbury,2026-02-23T06:33:29.965440
11 - Canterbury,2026-02-23T06:33:29.965440
11 - Canterbury,2026-02-23T06:33:29.965440
11 - Canterbury,2026-02-23T06:33:29.965440
11 - Canterbury,2026-02-23T06:33:29.965440
11 - Canterbury,2026-02-23T06:33:29.965440
11 - Canterbury,2026-02-23T06:33:29.965440
11 - Canterbury,2026-02-23T06:33:29.965440
11 - Canterbury,2026-02-23T06:33:29.965440
11 - Canterbury,2026-02-23T06:33:29.965440
11 - Canterbury,2026-02-23T06:33:29.965440
11 - Canterbury,2026-02-23T06:33:29.965440
11 - Canterbury,2026-02-23T06:33:29.965440
11 - Canterbury,2026-02-23T06:33:29.965440
11 - Canterbury,2026-02-23T06:33:29.965440
11 - Canterbury,2026-02-23T06:33:29.965440
11 - Canterbury,2026-02-23T06:33:29.965440
11 - Canterbury,2026-02-23T06:33:29.965440
11 - Canterbury,2026-02-23T06:33:29.965440
11 - Canterbury,2026-02-23T06:33:29.965440
11 - Canterbury,2026-02-23T06:33:29.965440
11 - Canterbury,2026-02-23T06:33:29.965440
11 - Canterbury,2026-02-23T06:33:29.965440
11 - Canterbury,2026-02-23T06:33:29.965440
11 - Canterbury,2026-02-23T06:33:29.965440
11 - Canterbury,2026-02-23T06:33:29.965440
11 - Canterbury,2026-02-23T06:33:29.965440
11 - Canterbury,2026-02-23T06:33:29.965440
11 - Canterbury,2026-02-23T06:33:29.965440
11 - Canterbury,2026-02-23T06:33:29.965440
11 - Canterbury,2026-02-23T06:33:29.965440
11 - Canterbury,2026-02-23T06:33:29.965440
11 - Canterbury,2026-02-23T06:33:29.965440
11 - Canterbury,2026-02-23T06:33:29.965440
11 - Canterbury,2026-02-23T06:33:29.965440
11 - Canterbury,2026-02-23T06:33:29.965440
11 - Canterbury,2026-02-23T06:33:29.965440
11 - Canterbury,2026-02-23T06:33:29.965440
11 - Canterbury,2026-02-23T06:33:29.965440
11 - Canterbury,2026-02-23T06:33:29.965440
11 - Canterbury,2026-02-23T06:33:29.965440
11 - Canterbury,2026-02-23T06:33:29.965440
11 - Canterbury,2026-02-23T06:33:29.965440
11 - Canterbury,2026-02-23T06:33:29.965440
11 - Canterbury,2026-02-23T06:33:29.965440
11 - Canterbury,2026-02-23T06:33:29.965440
11 - Canterbury,2026-02-23T06:33:29.965440
11 - Canterbury,2026-02-23T06:33:29.965440
11 - Canterbury,2026-02-23T06:33:29.965440
12 - West Coast,2026-02-23T06:33:29.965440
12 - West Coast,2026-02-23T06:33:29.965440
12 - West Coast,2026-02-23T06:33:29.965440
12 - West Coast,2026-02-23T06:33:29.965440
12 - West Coast,2026-02-23T06:33:29.965440
12 - West Coast,2026-02-23T06:33:29.965440
12 - West Coast,2026-02-23T06:33:29.965440
12 - West Coast,2026-02-23T06:33:29.965440
12 - West Coast,2026-02-23T06:33:29.965440
12 - West Coast,2026-02-23T06:33:29.965440
12 - West Coast,2026-02-23T06:33:29.965440
12 - West Coast,2026-02-23T06:33:29.965440
12 - West Coast,2026-02-23T06:33:29.965440
12 - West Coast,2026-02-23T06:33:29.965440
12 - West Coast,2026-02-23T06:33:29.965440
12 - West Coast,2026-02-23T06:33:29.965440
12 - West Coast,2026-02-23T06:33:29.965440
12 - West Coast,2026-02-23T06:33:29.965440
12 - West Coast,2026-02-23T06:33:29.965440
12 - West Coast,2026-02-23T06:33:29.965440
12 - West Coast,2026-02-23T06:33:29.965440
12 - West Coast,2026-02-23T06:33:29.965440
12 - West Coast,2026-02-23T06:33:29.965440
12 - West Coast,2026-02-23T06:33:29.965440
12 - West Coast,2026-02-23T06:33:29.965440
12 - West Coast,2026-02-23T06:33:29.965440
12 - West Coast,2026-02-23T06:33:29.965440
12 - West Coast,2026-02-23T06:33:29.965440
12 - West Coast,2026-02-23T06:33:29.965440
12 - West Coast,2026-02-23T06:33:29.965440
12 - West Coast,2026-02-23T06:33:29.965440
12 - West Coast,2026-02-23T06:33:29.965440
12 - West Coast,2026-02-23T06:33:29.965440
12 - West Coast,2026-02-23T06:33:29.965440
12 - West Coast,2026-02-23T06:33:29.965440
12 - West Coast,2026-02-23T06:33:29.965440
12 - West Coast,2026-02-23T06:33:29.965440
12 - West Coast,2026-02-23T06:33:29.965440
12 - West Coast,2026-02-23T06:33:29.965440
12 - West Coast,2026-02-23T06:33:29.965440
12 - West Coast,2026-02-23T06:33:29.965440
12 - West Coast,2026-02-23T06:33:29.965440
12 - West Coast,2026-02-23T06:33:29.965440
12 - West Coast,2026-02-23T06:33:29.965440
12 - West Coast,2026-02-23T06:33:29.965440
12 - West Coast,2026-02-23T06:33:29.965440
12 - West Coast,2026-02-23T06:33:29.965440
12 - West Coast,2026-02-23T06:33:29.965440
12 - West Coast,2026-02-23T06:33:29.965440
12 - West Coast,2026-02-23T06:33:29.965440
12 - West Coast,2026-02-23T06:33:29.965440
12 - West Coast,2026-02-23T06:33:29.965440
12 - West Coast,2026-02-23T06:33:29.965440
12 - West Coast,2026-02-23T06:33:29.965440
12 - West Coast,2026-02-23T06:33:29.965440
13 - Otago,2026-02-23T06:33:29.965440
13 - Otago,2026-02-23T06:33:29.965440
13 - Otago,2026-02-23T06:33:29.965440
13 - Otago,2026-02-23T06:33:29.965440
13 - Otago,2026-02-23T06:33:29.965440
13 - Otago,2026-02-23T06:33:29.965440
13 - Otago,2026-02-23T06:33:29.965440
13 - Otago,2026-02-23T06:33:29.965440
13 - Otago,2026-02-23T06:33:29.965440
13 - Otago,2026-02-23T06:33:29.965440
13 - Otago,2026-02-23T06:33:29.965440
13 - Otago,2026-02-23T06:33:29.965440
13 - Otago,2026-02-23T06:33:29.965440
13 - Otago,2026-02-23T06:33:29.965440
13 - Otago,2026-02-23T06:33:29.965440
13 - Otago,2026-02-23T06:33:29.965440
13 - Otago,2026-02-23T06:33:29.965440
13 - Otago,2026-02-23T06:33:29.965440
13 - Otago,2026-02-23T06:33:29.965440
13 - Otago,2026-02-23T06:33:29.965440
13 - Otago,2026-02-23T06:33:29.965440
13 - Otago,2026-02-23T06:33:29.965440
13 - Otago,2026-02-23T06:33:29.965440
13 - Otago,2026-02-23T06:33:29.965440
13 - Otago,2026-02-23T06:33:29.965440
13 - Otago,2026-02-23T06:33:29.965440
13 - Otago,2026-02-23T06:33:29.965440
13 - Otago,2026-02-23T06:33:29.965440
13 - Otago,2026-02-23T06:33:29.965440
13 - Otago,2026-02-23T06:33:29.965440
13 - Otago,2026-02-23T06:33:29.965440
13 - Otago,2026-02-23T06:33:29.965440
13 - Otago,2026-02-23T06:33:29.965440
13 - Otago,2026-02-23T06:33:29.965440
13 - Otago,2026-02-23T06:33:29.965440
13 - Otago,2026-02-23T06:33:29.965440
13 - Otago,2026-02-23T06:33:29.965440
13 - Otago,2026-02-23T06:33:29.965440
13 - Otago,2026-02-23T06:33:29.965440
13 - Otago,2026-02-23T06:33:29.965440
13 - Otago,2026-02-23T06:33:29.965440
13 - Otago,2026-02-23T06:33:29.965440
13 - Otago,2026-02-23T06:33:29.965440
13 - Otago,2026-02-23T06:33:29.965440
13 - Otago,2026-02-23T06:33:29.965440
13 - Otago,2026-02-23T06:33:29.965440
13 - Otago,2026-02-23T06:33:29.965440
13 - Otago,2026-02-23T06:33:29.965440
13 - Otago,2026-02-23T06:33:29.965440
13 - Otago,2026-02-23T06:33:29.965440
13 - Otago,2026-02-23T06:33:29.965440
13 - Otago,2026-02-23T06:33:29.965440
13 - Otago,2026-02-23T06:33:29.965440
13 - Otago,2026-02-23T06:33:29.965440
13 - Otago,2026-02-23T06:33:29.965440
13 - Otago,2026-02-23T06:33:29.965440
13 - Otago,2026-02-23T06:33:29.965440
13 - Otago,2026-02-23T06:33:29.965440
13 - Otago,2026-02-23T06:33:29.965440
13 - Otago,2026-02-23T06:33:29.965440
13 - Otago,2026-02-23T06:33:29.965440
13 - Otago,2026-02-23T06:33:29.965440
13 - Otago,2026-02-23T06:33:29.965440
13 - Otago,2026-02-23T06:33:29.965440
13 - Otago,2026-02-23T06:33:29.965440
13 - Otago,2026-02-23T06:33:29.965440
13 - Otago,2026-02-23T06:33:29.965440
13 - Otago,2026-02-23T06:33:29.965440
13 - Otago,2026-02-23T06:33:29.965440
13 - Otago,2026-02-23T06:33:29.965440
13 - Otago,2026-02-23T06:33:29.965440
13 - Otago,2026-02-23T06:33:29.965440
13 - Otago,2026-02-23T06:33:29.965440
13 - Otago,2026-02-23T06:33:29.965440
13 - Otago,2026-02-23T06:33:29.965440
13 - Otago,2026-02-23T06:33:29.965440
13 - Otago,2026-02-23T06:33:29.965440
13 - Otago,2026-02-23T06:33:29.965440
13 - Otago,2026-02-23T06:33:29.965440
13 - Otago,2026-02-23T06:33:29.965440
13 - Otago,2026-02-23T06:33:29.965440
13 - Otago,2026-02-23T06:33:29.965440
13 - Otago,2026-02-23T06:33:29.965440
13 - Otago,2026-02-23T06:33:29.965440
13 - Otago,2026-02-23T06:33:29.965440
13 - Otago,2026-02-23T06:33:29.965440
13 - Otago,2026-02-23T06:33:29.965440
13 - Otago,2026-02-23T06:33:29.965440
13 - Otago,2026-02-23T06:33:29.965440
13 - Otago,2026-02-23T06:33:29.965440
13 - Otago,2026-02-23T06:33:29.965440
13 - Otago,2026-02-23T06:33:29.965440
13 - Otago,2026-02-23T06:33:29.965440
13 - Otago,2026-02-23T06:33:29.965440
13 - Otago,2026-02-23T06:33:29.965440
13 - Otago,2026-02-23T06:33:29.965440
13 - Otago,2026-02-23T06:33:29.965440
13 - Otago,2026-02-23T06:33:29.965440
13 - Otago,2026-02-23T06:33:29.965440
13 - Otago,2026-02-23T06:33:29.965440
13 - Otago,2026-02-23T06:33:29.965440
13 - Otago,2026-02-23T06:33:29.965440
13 - Otago,2026-02-23T06:33:29.965440
13 - Otago,2026-02-23T06:33:29.965440
13 - Otago,2026-02-23T06:33:29.965440
13 - Otago,2026-02-23T06:33:29.965440
13 - Otago,2026-02-23T06:33:29.965440
13 - Otago,2026-02-23T06:33:29.965440
13 - Otago,2026-02-23T06:33:29.965440
13 - Otago,2026-02-23T06:33:29.965440
13 - Otago,2026-02-23T06:33:29.965440
13 - Otago,2026-02-23T06:33:29.965440
13 - Otago,2026-02-23T06:33:29.965440
13 - Otago,2026-02-23T06:33:29.965440
13 - Otago,2026-02-23T06:33:29.965440
13 - Otago,2026-02-23T06:33:29.965440
13 - Otago,2026-02-23T06:33:29.965440
13 - Otago,2026-02-23T06:33:29.965440
13 - Otago,2026-02-23T06:33:29.965440
13 - Otago,2026-02-23T06:33:29.965440
13 - Otago,2026-02-23T06:33:29.965440
13 - Otago,2026-02-23T06:33:29.965440
13 - Otago,2026-02-23T06:33:29.965440
13 - Otago,2026-02-23T06:33:29.965440
13 - Otago,2026-02-23T06:33:29.965440
13 - Otago,2026-02-23T06:33:29.965440
13 - Otago,2026-02-23T06:33:29.965440
13 - Otago,2026-02-23T06:33:29.965440
13 - Otago,2026-02-23T06:33:29.965440
13 - Otago,2026-02-23T06:33:29.965440
13 - Otago,2026-02-23T06:33:29.965440
13 - Otago,2026-02-23T06:33:29.965440
13 - Otago,2026-02-23T06:33:29.965440
13 - Otago,2026-02-23T06:33:29.965440
13 - Otago,2026-02-23T06:33:29.965440
13 - Otago,2026-02-23T06:33:29.965440
13 - Otago,2026-02-23T06:33:29.965440
13 - Otago,2026-02-23T06:33:29.965440
14 - Southland,2026-02-23T06:33:29.965440
14 - Southland,2026-02-23T06:33:29.965440
14 - Southland,2026-02-23T06:33:29.965440
14 - Southland,2026-02-23T06:33:29.965440
14 - Southland,2026-02-23T06:33:29.965440
14 - Southland,2026-02-23T06:33:29.965440
14 - Southland,2026-02-23T06:33:29.965440
14 - Southland,2026-02-23T06:33:29.965440
14 - Southland,2026-02-23T06:33:29.965440
14 - Southland,2026-02-23T06:33:29.965440
14 - Southland,2026-02-23T06:33:29.965440
14 - Southland,2026-02-23T06:33:29.965440
14 - Southland,2026-02-23T06:33:29.965440
14 - Southland,2026-02-23T06:33:29.965440
14 - Southland,2026-02-23T06:33:29.965440
14 - Southland,2026-02-23T06:33:29.965440
14 - Southland,2026-02-23T06:33:29.965440
14 - Southland,2026-02-23T06:33:29.965440
14 - Southland,2026-02-23T06:33:29.965440
14 - Southland,2026-02-23T06:33:29.965440
14 - Southland,2026-02-23T06:33:29.965440
14 - Southland,2026-02-23T06:33:29.965440
14 - Southland,2026-02-23T06:33:29.965440
14 - Southland,2026-02-23T06:33:29.965440
14 - Southland,2026-02-23T06:33:29.965440
14 - Southland,2026-02-23T06:33:29.965440
14 - Southland,2026-02-23T06:33:29.965440
14 - Southland,2026-02-23T06:33:29.965440
14 - Southland,2026-02-23T06:33:29.965440
14 - Southland,2026-02-23T06:33:29.965440
14 - Southland,2026-02-23T06:33:29.965440
14 - Southland,2026-02-23T06:33:29.965440
14 - Southland,2026-02-23T06:33:29.965440
14 - Southland,2026-02-23T06:33:29.965440
14 - Southland,2026-02-23T06:33:29.965440
14 - Southland,2026-02-23T06:33:29.965440
14 - Southland,2026-02-23T06:33:29.965440
14 - Southland,2026-02-23T06:33:29.965440
14 - Southland,2026-02-23T06:33:29.965440
14 - Southland,2026-02-23T06:33:29.965440
14 - Southland,2026-02-23T06:33:29.965440
14 - Southland,2026-02-23T06:33:29.965440
14 - Southland,2026-02-23T06:33:29.965440
14 - Southland,2026-02-23T06:33:29.965440
14 - Southland,2026-02-23T06:33:29.965440
14 - Southland,2026-02-23T06:33:29.965440
14 - Southland,2026-02-23T06:33:29.965440
14 - Southland,2026-02-23T06:33:29.965440
14 - Southland,2026-02-23T06:33:29.965440
14 - Southland,2026-02-23T06:33:29.965440
14 - Southland,2026-02-23T06:33:29.965440
14 - Southland,2026-02-23T06:33:29.965440
14 - Southland,2026-02-23T06:33:29.965440
14 - Southland,2026-02-23T06:33:29.965440
14 - Southland,2026-02-23T06:33:29.965440
14 - Southland,2026-02-23T06:33:29.965440
14 - Southland,2026-02-23T06:33:29.965440
14 - Southland,2026-02-23T06:33:29.965440
14 - Southland,2026-02-23T06:33:29.965440
14 - Southland,2026-02-23T06:33:29.965440
14 - Southland,2026-02-23T06:33:29.965440
14 - Southland,2026-02-23T06:33:29.965440
14 - Southland,2026-02-23T06:33:29.965440
14 - Southland,2026-02-23T06:33:29.965440
14 - Southland,2026-02-23T06:33:29.965440
14 - Southland,2026-02-23T06:33:29.965440
14 - Southland,2026-02-23T06:33:29.965440
14 - Southland,2026-02-23T06:33:29.965440
